Store Name,Review,Date,Content,Replied
Gearbox Customs by WSD Threads,5 out of 5 stars,"September 16, 2025","Excellent customer service. Immediate response, super helpful and kind.",false
Sora Vita Shop,5 out of 5 stars,"September 16, 2025","Mari from Support team and the App itself, it's super great. You can do a lot",true
A minha loja,5 out of 5 stars,"September 16, 2025",estao disponiveis sempre para ajudar,true
SNS Nails,5 out of 5 stars,"September 16, 2025","Bạn Tracy đã hỗ trợ mình rất nhiệt tình, app rất tốt!",true
Almagor,5 out of 5 stars,"September 15, 2025","Atención impecable y muy muy ágil, la verdad estoy muy satisfecho con la app. La recomiendo al 100%",true
The Cup Queen,5 out of 5 stars,"September 15, 2025",Very easy to set up,true
On Your 6 Bourbon,5 out of 5 stars,"September 15, 2025",Hannie and Lich were both very helpful and fast.,true
KLSH Jeans,5 out of 5 stars,"September 15, 2025","Great Ongoing Support from Jen

Jen from Easify Options has been incredibly dedicated and proactive. Even though our request is still in progress, she’s doing everything possible to find the best solution. Her commitment and professionalism really stand out. Highly appreciated!",true
My Store,4 out of 5 stars,"September 15, 2025","They are the best. Im using easify from a very long time and their Support service is so Amazing. Thanks to Liv , Lich & Anne for always helping me out",true
D'Avila Australia,5 out of 5 stars,"September 14, 2025",Good service and excellent support.,true
Glowee Store,5 out of 5 stars,"Edited September 15, 2025","I am very happy, they answer me very fast and even send me videos like tutorial because I am very visual person. thanks my website is glowee.store",true
De Kleren,5 out of 5 stars,"September 14, 2025",Perfect geholpen met de checkout,true
Elevated Golf Simulators,5 out of 5 stars,"September 14, 2025",Great app. Really allows you to create a fully functional product with extensive options and variants that Shopify doesn't allow. Well done team,true
Signz.com,5 out of 5 stars,"September 14, 2025",,true
DG Sports Teamwear,5 out of 5 stars,"September 13, 2025",The support I received for this app was excellent 5/5. They did everything possible to get it to work. And it did everything I wanted it to do. It was only that the very technical methodology we needed to integrate with our products and third party external software stopped from using it.,true
ChrisPop,5 out of 5 stars,"September 13, 2025","Très bonne application et très bonne communication avec l’équipe qui est à l’écoute et cherche réellement à aider !
Je ne regrette absolument pas",true
USA activé FiberShake,5 out of 5 stars,"September 13, 2025","Cleve solved the issue in 5 minutes, which our IT guys couldn't in 3-4 weeks. I already love this App + the support is great!",true
Cotton and Knots,5 out of 5 stars,"September 13, 2025",,true
DOODLEWORM,5 out of 5 stars,"September 12, 2025",,true
Little Flower Knits,5 out of 5 stars,"September 12, 2025",We use this on our store to produce custom cardigans for children - see our Builder here: https://littleflowerknits.co.uk/,true
Baggys.uk,5 out of 5 stars,"September 11, 2025","Great experience, easy to use. Clove was very helpful on the chat and solved a load of stuff!! I'd recommend anyday",true
EverName,5 out of 5 stars,"September 11, 2025",Such a great app. Game changer. GET IT!,true
Maison Horizon,5 out of 5 stars,"September 10, 2025",Very supportive team - When i had questions or custom tg i wanted to add they helped me very quickly,true
Primex,1 out of 5 stars,"September 10, 2025",,true
plannerchoco,5 out of 5 stars,"September 9, 2025",,true
My Store,5 out of 5 stars,"September 9, 2025",Really easy to use and the support team get back to you instantly if they get stuck. Spoke to Tracy on chat today and she was so helpful,true
My Store,5 out of 5 stars,"September 9, 2025",Tracy was incredibly helpful and clever in working around some issues I was facing!,true
Eden Grove Extracts,4 out of 5 stars,"September 8, 2025","The app does exactly what I need it to do but the feature I need to really make it work for me is only part of the Pro version and at this point, I don't have enough web traffic to justify it. I'll watch what the POS activity is for this product and will consider the upgrade later. Anne was very kind and patient in helping me figure out what I was doing wrong and the settings I needed to change ...",false
sirius-engineering,5 out of 5 stars,"September 8, 2025",Super Support! Ich bin stets sehr zufrieden mit der Hilfeleistung von Clove. :-),true
Who's Got Spirit?!,5 out of 5 stars,"September 7, 2025","Some of the features can be glitchy, but their product support & dev team are amazing! Liv has helped me a ton to customize my products exactly the way I envisioned. Thank you!",true
The Market,5 out of 5 stars,"September 7, 2025",,true
Country Lane Boutique,4 out of 5 stars,"September 6, 2025","So far, every issue I've had has been solved.",true
Mystery Camán,5 out of 5 stars,"September 6, 2025",excellent speedy help,true
Lovecocojewlery,5 out of 5 stars,"September 6, 2025","app seems so powerful, and easy to use.
And I love their customer service, so nice exp.",true
MyCoolStuff,5 out of 5 stars,"September 6, 2025","Clove was fantastic! She made the Easify Custom Product Options installation smooth and stress-free. Super knowledgeable, friendly, and quick to help—couldn’t have asked for better support.

Thanks Clove!",true
WallUnitsToGo,5 out of 5 stars,"September 5, 2025",Great app with a ton of features; easy to use; but the support is AMAZING - Couldn't recommend enough!!,true
Château Canon Chaigneau,5 out of 5 stars,"September 5, 2025","Easy to use, support from Clove is excellent",true
Tag Bomboniere,5 out of 5 stars,"September 5, 2025",Ho ricevuto assistenza da Clove che mi ha risolto il problema,true
collab zürich,5 out of 5 stars,"September 5, 2025",Working great so far. Had some issues with the design on the website and packing slip in the beginning but the support team was super fast and helpful!,true
For The Love Of Mum,5 out of 5 stars,"September 5, 2025",Easy to set up and configure. Getting help and answers were fast thanks to Tracy!,true
The F3 Gear Store,5 out of 5 stars,"September 4, 2025","Tracy provided excellent customer support — her message was clear, detailed, and solution-oriented. She proactively implemented a safe fix on a draft theme, explained the steps well, and invited us to test before going live. Overall, very professional and customer-focused.",true
Felicitations,5 out of 5 stars,"September 4, 2025","I’m currently using this product options app across three of my Shopify stores, and I couldn’t be happier with the experience. The flexibility it provides for setting up custom product options has been a game changer for my business.

The support team is absolutely amazing. Special thanks to Clove, Tracy, and Anne, who have been incredibly helpful and patient with me. They’re quick, responsive, ...",true
Polaris GPS & Rear Vision,5 out of 5 stars,"September 4, 2025","I had a tricky setup where I needed my head units to stay at a fixed price but still allow customers to choose from different cameras, with the cameras linked to real SKUs for inventory tracking but priced at $0. Anne was fantastic in helping me work through this. She explained clearly that Easify has another app available to handle inventory syncing, and walked me through how the setup would ...",true
mi maiv,5 out of 5 stars,"September 3, 2025",Great support. Fast! Their app is top notch. It works super well and the way I needed it to work.,true
COLORI,5 out of 5 stars,"September 3, 2025","Todo esta muy bien explicado, y su servicio al cliente es impecable",true
Byron & Co Pet Accessories,5 out of 5 stars,"September 3, 2025","i am a first time user and will definitely be back. Clove was awesome in assisting me get to the bottom of a small issue, and had it fixed really quickly! Thank you so much",true
Lalish Shop,5 out of 5 stars,"September 3, 2025",Best support from Clove,true
Jemicare,5 out of 5 stars,"September 2, 2025","Great app with lots of functionalities, and it looks great",true
MayDay Leads,5 out of 5 stars,"September 2, 2025","The variations are incredibly easy to figure out and customize, and cover everything that my shop needed! The free plan has a good amount of options, and the next tier up is super affordable and encompasses almost everything.
My favorite part is the 24/7 custom chat option. Tracy especially was INCREDIBLY helpful and fixed my issue in a handful of messages. This app was everything that I was ...",true
The Saari Girl - Saree Online,4 out of 5 stars,"September 2, 2025",,true
Cheer Dads United,5 out of 5 stars,"September 2, 2025","Their support is timely and very helpful, Clove was awesome in assisting getting me up and running.",true
MaxiFrank,5 out of 5 stars,"September 1, 2025",,true
Gold Spartan,5 out of 5 stars,"September 1, 2025","Went through a bunch of apps for product options and most were either too complicated, didn't work correctly, and support was non existent. Clove and her team at Easify has been great, I was able to set up most of what I needed by myself, and just needed a little help from them to get it perfect. They were quick and very helpful.",true
Bling Babes Boutique,5 out of 5 stars,"September 1, 2025","I cannot say enough positive things about this app. Functionality A+, Options A+, Customer Service A+.",true
Poke Snap,5 out of 5 stars,"September 1, 2025","This app has been really nice and easy to use, but what stood out the most was the customer care. Annie from the support team helped out personally, and she even sent me a clear video showing exactly how to fix the problem. That level of effort and care is rare, and I really appreciate it. Highly recommended — big thanks to Annie and the team for the amazing support!",true
Gardenreet Lighting,5 out of 5 stars,"September 1, 2025","Had a quick question about the template, and Clove from the team helped me out. They were super friendly, fast, and solved my problem in minutes. Amazing service!",true
Vloerkledenwinkel,5 out of 5 stars,"September 1, 2025",Fast service,true
Many Blinds,5 out of 5 stars,"September 1, 2025","This plugin is truly amazing and very convenient. Compared to other similar plugins, this one is by far the best I’ve used. Their technical support team is also very patient and helped me resolve the compatibility issues between my store and the plugin. I’m really grateful for their assistance.",true
Climbing Cat,5 out of 5 stars,"August 30, 2025",Une application facile a utiliser qui vous permet d'ajouter des options pour personnaliser vos produits. Bien plus complet que le configurateur de base de Shopify. Le bonus : le support en très réactif et d'une grande aide. Merci beaucoup a Hannie !,true
Coco and Breezy Eyewear,5 out of 5 stars,"August 30, 2025",This app is fantastic. It has helped the brand soo much and now its easier for our customers shop for prescription. I’d like to give 5 stars to Tracy for helping me through my set up process. She helped me learn something new and gave me clear instruction’s to fix an error! Thank you Tracy!,true
factoryrv.com,5 out of 5 stars,"August 29, 2025",Easify works perfect for our company! I love how quick Tracy responded and was able to fix my situation asap!,true
Carve Customs Ltd.,5 out of 5 stars,"August 29, 2025",Great help,true
Wilderness Lab,5 out of 5 stars,"August 29, 2025","Really quick and easy app to install and customise. My needs were pretty simple, so I used one of their supplied templates. I had a bit of trouble making it appear on my listing, but their live chat person (Tracy) was able to help immediately, and now it's working and looks so good! 100% would recommend.",true
LaLa Horse LTD,5 out of 5 stars,"August 28, 2025",AMAZING support and a remarkable app! Sooooo many options and very easy to use :),true
Stefanie Wolf Designs,5 out of 5 stars,"August 28, 2025",,true
chupeterospideundeseo,5 out of 5 stars,"August 28, 2025","Lich me ayudó muchísimo en mi problema. Solucionó mi problema, me dio el soporte perfecto y muy rápido. Gracias de verdad por la ayuda prestada, estaba en un momento de agobio ya que no encontraba el problema. Gracias LICH",true
Sawinery,1 out of 5 stars,"August 28, 2025",saves fail every time. couldn't save my html for 20 times garbage.,true
Fibra Creativa Kits & Quilts,5 out of 5 stars,"August 28, 2025","I am starting to use this app, it seems to give many very useful options. Great customer support by Liv today, who quickly helped me link products in a combined listing. Thanks!",true
GemJewelo,5 out of 5 stars,"August 28, 2025",Completely Satisfied. Outstanding customer support. Easy to use.,true
Newsquest,5 out of 5 stars,"August 28, 2025",Excellent - quick and concise support from Liv,true
Eleanor Dayne,5 out of 5 stars,"August 28, 2025",Liv offered outstanding support at midnight! Truly some of the best customer service I've ever had from a chat support. She was amazing!,true
Jane Win Jewelry,4 out of 5 stars,"August 27, 2025",Very helpful and responsive support team. Worked with Liv who helped get through some challenges starting up with the app,true
Anditek,5 out of 5 stars,"August 27, 2025","Very good app and very good help system, Liv solved my problem right away.",true
Learning-Focused,5 out of 5 stars,"August 27, 2025","Easify has everything you need to add options to your products. Getting the options included in all of the notifications was a bit tricky, but their support team is top rate and took care of our needs quickly. Clove, Charles, and the rest of the team couldn't have been more attentive and helpful. Highly recommend Easify for adding options to your products.",true
JD Customs U.S.A,5 out of 5 stars,"August 27, 2025","One of the most versatile programs for adding additional options. Anytime we have a problem, they are quick to take care of it!",true
Mike W. Hammer,5 out of 5 stars,"August 27, 2025","Awesome product and service! Provides awesome customization options, everything you'd ever need. This app is at the core of our business model, we do completely customized wood gifts. Easify provides reliable, fast, and convenient support 24/7, never once have I been left waiting longer than 5 minutes for a support ticket to be answered. Seriously!",true
Meister Made,5 out of 5 stars,"August 26, 2025",Great app! So far it's been easy to use and the support has been great. Thank you Lich for the quick chat to help answer a few questions!,true
Cozy Haus Furniture,5 out of 5 stars,"August 26, 2025",,true
Seven Paper,5 out of 5 stars,"August 26, 2025","L’application est simple à utiliser, intuitive et correspond parfaitement à mes besoins sur Shopify. L’équipe est très réactive et professionnelle.
Grâce à cette solution, j’ai pu améliorer mon site et offrir une meilleure expérience à mes clients. Je recommande vivement !",true
Bite Club Cookie Co.,5 out of 5 stars,"August 26, 2025",While i feel like i have a decent amount of understanding of how this all works. There are days i do not. And the team here is beyond amazing. The only program that works seemlessly for my business. Could not do anything without this app and the support team. Thank you all for all the times you had to save my butt:),true
ProRollers Rolled Bats & Game Ready Gloves,5 out of 5 stars,"August 26, 2025","As a first time user of this app, I had a few basic doubts. These were patiently heard and clarified by CLOVE.
I really appreciate the prompt replies and precise directions to get my doubts clarified.
Thanks again.",true
Graphics and Designs Plus,5 out of 5 stars,"August 25, 2025",Liv was wonderful to help me out...,true
My Store,5 out of 5 stars,"August 25, 2025","Liv is amazing! Prompt, friendly, and resolved my issue quickly.",true
Zootage,5 out of 5 stars,"August 25, 2025",,true
LE CAP.,5 out of 5 stars,"August 25, 2025","Quick to install, perfect for what we needed and fast customer service!",true
Mystic Merch,5 out of 5 stars,"August 25, 2025",,true
730 Athletic Wear,5 out of 5 stars,"August 25, 2025",Liz was amazing! I was completely stuck and she walked me through and got the app working like a charm!,true
部分工作室,5 out of 5 stars,"August 24, 2025",Good App and good service! Thanks for Lich's immediate help!,true
QJ Jewelry,5 out of 5 stars,"August 23, 2025",Lich and Easify customer service team were so quick at responding and resolving my problem!,true
Mud & Mercy Co,5 out of 5 stars,"August 23, 2025",Pretty easy process. I did have some issues with activating the app on my own but Lich was very helpful and got me set up and on my way without issue.,true
Planes & Sails,5 out of 5 stars,"August 23, 2025",Customer support is very helpful and competent which of course is a great plus. Thank you!,true
Tiddly Pom Cards,5 out of 5 stars,"August 23, 2025",I needed help finding the plans page which I should have seen but kept missing. The agent quickly responded with the steps to locate what I needed. Thanks.,true
Emporizen,5 out of 5 stars,"August 23, 2025","This app is one of the best and customer service is top notch, they even did a personalized code for me",true
Mathlete by Saad,5 out of 5 stars,"August 22, 2025","i love the constant chat support. really helpful.
i talked to liv and she was super helpful.",true
Ink Nest,5 out of 5 stars,"August 22, 2025","I got great help, Liv was able to help me get around a certain issue regarding Easify functionality for price add-ons. I appreciate the Easify support team!",true
The Gift Project,5 out of 5 stars,"August 22, 2025",Amazing quick support and easy to install and use,true
MMM ATLETICO,5 out of 5 stars,"August 22, 2025",Love it!,true
CousinClay,5 out of 5 stars,"August 22, 2025",Super kostenfreies Tool!,true
Petloo,5 out of 5 stars,"August 22, 2025","This is a very incredible app, and they have the best support!",true
Atelier Tamago,5 out of 5 stars,"August 22, 2025",Very useful,true
Jonathan Linton Fine Art,5 out of 5 stars,"August 21, 2025","Fantastic, quick, kind support. Thankful for the 24/7 availability (thanks Liv!).",true
Sporting Billy,5 out of 5 stars,"August 21, 2025",Sorted conditional options quickly. Thanks,true
Roman Oasis,5 out of 5 stars,"August 21, 2025",,true
Maiyko,5 out of 5 stars,"August 21, 2025",Thank you for fast service Clove,true
Umasari,5 out of 5 stars,"August 20, 2025",Great app that encompasses what you would normally need several apps to do. Very helpful and patient support team which is great for people with limited tech skills.,true
ZVLV Gifts,5 out of 5 stars,"August 20, 2025","This app is a little difficult to understand because it can do almost everything you want it to do. Luckily they have some of the best tech working for them. Clove is very knowledgeable, she's able to understand my problems and figure out the solutions for them.",true
Pillagermany,5 out of 5 stars,"August 20, 2025",,true
The Delicate Rosary,5 out of 5 stars,"August 20, 2025","Super appli pour proposer une multitude d'options sur ses produits.
Merci à Clove pour son aide pour adapter au mieux l'appli sur mon site !",true
Brooklyn Film Camera,5 out of 5 stars,"August 20, 2025","live has been very helpful. nice app, hope it continues to be great",true
Koda & Co,5 out of 5 stars,"August 20, 2025",Absolutely fantastic! Thank you,true
Wetrooms Online,5 out of 5 stars,"August 19, 2025","Great app that makes the process of offering add on products so easy.
Quick and intuitive setup and excellent support to help customise the look if required.
Highly recommended.",true
Rommanel,5 out of 5 stars,"August 19, 2025","Atendente Mari me ajudou na configuração, foi bem eficiente.",true
FCK Fanshop,5 out of 5 stars,"August 19, 2025",Excellent and fast support. This app really elevates our products and I can highly recommend it.,true
Matifyer,5 out of 5 stars,"August 19, 2025",Quick response and very helpful support!,true
Gaffney's Sweets & Treats,5 out of 5 stars,"August 19, 2025",Clove was really helpful and helped my solve my issue! Great service.,true
Magnet Race Numbers,5 out of 5 stars,"August 19, 2025","This app, along with its support team is amazing.
I am so surprised with how quick and prompt IT support are.
Great job!",true
MichiMish,5 out of 5 stars,"August 19, 2025","Supper approachable, and very patient!! Helped me resolve my issue, and showed me how to work the app better to meet my customization needs!",true
Little Lane,5 out of 5 stars,"August 18, 2025",,true
Törst Tees,5 out of 5 stars,"Edited August 19, 2025","Annie from Easify was fantastic! She handled my issue quickly, clearly, and with a great attitude. I really appreciate her support and professionalism",true
Abelhitas,5 out of 5 stars,"August 18, 2025","I'm loving the app. Great customer service too, Clove was really nice, helpful and quick! Thank you so much :)",false
Kenna's Crystals,5 out of 5 stars,"August 18, 2025",Great app and good service.,true
Baleine Co.,5 out of 5 stars,"August 18, 2025",Nice app. I had a problem of compatibility with another app and they implemented a solution for my specific situation. Special thanks to Clove.,true
Twinsprint,5 out of 5 stars,"August 18, 2025",,true
Keebz N Cables,5 out of 5 stars,"Edited August 28, 2025",Really great and timely support,true
Yammi Gift Box,5 out of 5 stars,"August 18, 2025",Easy to install and easy to use. So far everything works great and Liv was really helpful and quick to respond.,true
Laken Israel,5 out of 5 stars,"August 18, 2025","The app has many great features, to build a custom tailored product is super easy, and the support team is professional. highly recommended app",true
The Singing Journey,5 out of 5 stars,"August 17, 2025","Very good app. I’m really happy with it, and the prompt response that I got from the app developers to adjust some things for my store.",true
GravaM Germany,5 out of 5 stars,"August 17, 2025",,true
Paws of Time,5 out of 5 stars,"August 16, 2025",,true
taimelondon,5 out of 5 stars,"August 16, 2025",,true
Kain Food Co.,5 out of 5 stars,"August 16, 2025",great,true
Boy Friday,5 out of 5 stars,"August 16, 2025","Very easy to use, and any dramas the help team get it sorted very quickly",true
hatdaddy-easify,5 out of 5 stars,"August 15, 2025",,true
My Store,5 out of 5 stars,"August 15, 2025","Good options for customization, appreciate the support of Liv!",false
Hinze Pen Company,5 out of 5 stars,"August 15, 2025","I'm switching over from Dynamic Product Options. I was looking for something more flexible and robust. This fits the bill.

Their support is also first rate. I spent the morning configuring a new theme for the launch of the options and ran into an issue... I didn't know at the time but the issue was in the theme. Their support connected in about 5 minutes and had it fixed in another 5... very ...",true
SoulmatePortraits,5 out of 5 stars,"August 15, 2025",great help from mari!,false
PrepPack,5 out of 5 stars,"August 15, 2025","The best app when it comes to product upsells. We've generated great revenue through Easify. It has all the features we needed, plus plenty we hadn’t even thought of. You can customise as much or as little as you like. Really love it, and we’re using (and will keep using) this app for all our shops!",true
Pam's The Re-defined Bakery,5 out of 5 stars,"August 14, 2025","Amazing app with powerful eCommerce features! The support is lightning fast, and Liv (Support Guy/Gal) was incredibly helpful and friendly. Setup was smooth and quick — highly recommended!",true
ohyeafab llc,5 out of 5 stars,"August 14, 2025",Find it easy to use. what I have been looking for. Nice work,true
True North Tires,5 out of 5 stars,"August 14, 2025",great service friendly team,false
Silbermonds,5 out of 5 stars,"August 14, 2025",great app,true
Joie Designs Co.,5 out of 5 stars,"August 14, 2025",team is quick to help,true
dkedecals,5 out of 5 stars,"August 14, 2025",,true
MugArt,2 out of 5 stars,"Edited September 7, 2025","Good features which are of no use with poor reliability. An e-commerce store means serious business which can fail due to a glitchy app

i can never get the things right with this app for 2 months.

Custom templates have glitches and live previews are not working right. Even if support fix one thing some other thing starts messing up

While saving a custom template, name gets vanished on its own. ...",true
Modern Blaze,5 out of 5 stars,"August 13, 2025",Very good response time with issues. The app itself works great!,true
FN Simple Uniforms,5 out of 5 stars,"August 13, 2025",Customer service was so fast and resolved my issue with a werid site bug within seconds!,true
Balloon Express,5 out of 5 stars,"August 13, 2025","The best product option app I have found. So customer friendly, our customers are able to use it very easily. And most importantly their customer service for our business is AMAZING. Bugs happen of course, but they respond within in minutes and we always find a solution. Love this app!",true
ecostems,5 out of 5 stars,"August 13, 2025","We have a VERY complicated Shopify setup for our Local Eco-Friendly Fresh Flower Delivery store https://ecostems.ca
We needed some extra attention to create the perfect, seamless checkout experience for our valued customers after switching to Shopify. The team at EASIFY are super fast with responses, trouble shooting and app fixes. Our customer note data and our upsells are all done within the ...",true
Urban Realms,5 out of 5 stars,"August 13, 2025",Tracy was very patient with all my questions and issues. She got me the info I needed and helped my fix my problems. Good job!,true
Ivory Paper Co,5 out of 5 stars,"August 13, 2025",,true
tritiumworkshop,5 out of 5 stars,"August 13, 2025","Been using the App for a couple of years and it's been great, recently had a minor issue and support fixed it within 24hours. Excellent service.",true
CACTi PCs,5 out of 5 stars,"August 13, 2025",brilliant service and even better customer service,true
ALIGN Athlete Foundation,5 out of 5 stars,"August 12, 2025","Amazing customer service. I've never had a problem with the app and if I do, everything gets resolved within 2 days. I'll recommend this to anyone who needs forms to accompany their products.",true
Dynabook Americas,5 out of 5 stars,"August 12, 2025",The support experience with Mari is excellent!! Much appreciated.,true
tinySunshine,5 out of 5 stars,"August 12, 2025","Using Easify has been a great experience and allowed me to really customize my website the way I wanted. I'm an amateur at this but found it very easy to use and there are also so many guides and tutorials that explain things very well. Their customer service team is top-notch. When I had an issue I needed help with, they responded very quickly, fixed it fast, and also kept me updated throughout ...",true
Ladd Stamps,5 out of 5 stars,"August 12, 2025",A lot of functions and customer service is fast and very helpful. I was able to delete two other apps as this app takes care of a lot. Recommend!,true
La Boutique De Minipouce,4 out of 5 stars,"August 12, 2025","Service client au top , et pour moi une des meilleurs app pour mes besoin",true
Ma boutique,5 out of 5 stars,"August 12, 2025",Thank you Anne for your amazing help !,false
Starry Sky 星晴,5 out of 5 stars,"August 12, 2025",Understand the issue and willing to fix it on Dev level,true
Luxengrave,5 out of 5 stars,"August 11, 2025","buena aplicacion, facil de entender y manejar, a parte de que siempre estan pendientes a cualquier duda que surja",true
Shop Concordia Language Villages,5 out of 5 stars,"August 11, 2025",Super quick and helpful answering my questions!,true
Cabo Sunion,5 out of 5 stars,"August 11, 2025","I had issues with some option for my preview product, but the tam helped me along the way! they where so nice ans super helpful",true
Darbin Jewelry,5 out of 5 stars,"August 11, 2025",Super einfache Integration und mega schnelle Hilfe vom Support. 10/10,true
corner,5 out of 5 stars,"August 11, 2025",Funciona muy bien y es fácil de usar. Recomendada,true
li-ningshop,5 out of 5 stars,"August 11, 2025","Such excellent support, this is what separates the best from the good....",true
Tails Swift Pet & Human Design,5 out of 5 stars,"August 11, 2025",My website option set is little bit complex. Liv and Clove help me a lot on this. I am looking forward can use Easify to build the options works for me.,true
Pro Goodie Promotion,1 out of 5 stars,"August 11, 2025","running too slow, not useful",true
Coronado Leather,5 out of 5 stars,"August 10, 2025","Easy install, great app for monogram options and quick support! a+",true
You Make This,5 out of 5 stars,"August 10, 2025","App works exactly as it should, and Charles in their customer support chat replied and helped answer a question I had in less than 5-10 minutes. Would recommend based on my experience so far!",true
Sippin' and Shoppin' Retail and Resale,5 out of 5 stars,"Edited August 13, 2025",Quick and freindlly sevice Want to cancel subscription due to no drop and drag feature.,true
Ray Ray's Spices,5 out of 5 stars,"August 10, 2025","Excellent support! I needed help, and Hannie was with me in minutes and got me all sorted. Very easy to use app and on the go support, this is perfect!",true
Sweetslife,5 out of 5 stars,"August 10, 2025","Alles super gelaufen, Danke",true
Shirts For Vets,5 out of 5 stars,"Edited August 11, 2025",Customer Service was really good at dealing with my issue.,true
Luxipi,5 out of 5 stars,"August 10, 2025",,true
"Dear God, Prayer Journal",5 out of 5 stars,"August 10, 2025",This app is really great and the customer support is absolutely perfect. Anne was very responsive and patient with understanding my request.,true
Art Box Studio,5 out of 5 stars,"August 10, 2025","Honestly its something you should get, your customers will be able to choose a date, time, upload files, choose colors, make a combo with other products and youll even be able to set a separate pricing for it i think, all in all its a good one only that its a bit laggy or heavy",true
Lisa Buchanan Designs,5 out of 5 stars,"August 9, 2025",Hannie was super fast with answering my questions and getting the design exactly to my liking. Thank you Hannie for your help!,true
Once Upon a Book Club,5 out of 5 stars,"August 9, 2025",So helpful and easy to use. This personalization makes our shop so much more meaningful!,true
Ycustom,5 out of 5 stars,"August 9, 2025",timely service,true
2MUCH Boutique,5 out of 5 stars,"August 8, 2025","Easify has been a lifesaver for my online clothing store, it has made selling sets so much smoother for me when adding to website and much easier for my customers to shop. When I came across some minor troubles Liv was such a great help and was able to get things back on track for me. Great App & great customer service. Highly recommend :)",false
Confetti.Com,5 out of 5 stars,"August 8, 2025",Easy to talk to and fixed my problem immediately.,true
jakobshandmade.se,5 out of 5 stars,"August 8, 2025",Great support from Liv in the chat!,true
The Flaming Feather & Flaming Filament,5 out of 5 stars,"August 8, 2025","A very good app with many functionalities. We have been using it for over a year and it's really great. Adds a lot of choices for customers and makes customized products a lot easier to sell.

Customer support is quick to respond and very helpful. Clove has helped us figure some small issues out. Can recommend it to anyone",true
Jaynas Home & Office,5 out of 5 stars,"August 7, 2025","Very efficient, easy to use app. Helpful chats.",true
CLOUD KILT,5 out of 5 stars,"August 7, 2025","Prior to integrating my store with the Easify app, I spent six months testing the platform, as my store offers up to 5,000 add-on products. The app performs exceptionally well and loads data quickly on the frontend. I encountered one issue, which was not related to the app itself but arose when I customized the style of an option set for a sports team design in twenty minutes. I am very satisfied ...",true
Good Hearts Gear,5 out of 5 stars,"August 7, 2025","App works well. I had a few issues at first, but they had great support and made it work with my site. Thanks!",true
Hello World,5 out of 5 stars,"August 7, 2025","Top Service & riesiger Funktionsumfang – absolut empfehlenswert!

Wir sind sehr zufrieden! Trotz der Vielzahl an Produkten funktioniert alles reibungslos: schnell, einfach und vor allem zuverlässig.

Der Support ist wirklich herausragend – freundlich, kompetent, hilfsbereit und menschlich. Wir hatten bereits mehrfach Kontakt, und der 24/7-Support hat bisher immer sofort reagiert und eine passende L ...",true
"Simply Chic Home, Gift & Floral",5 out of 5 stars,"August 7, 2025",Their support team has been so prompt and helpful each time I reached out. Especially Lich! Thank you!,true
Fresh Cut Prints,5 out of 5 stars,"August 7, 2025","The app is working exactly as expected, and the customer service was extremely helpful.",true
Kali & Sun,5 out of 5 stars,"August 7, 2025",I had an issue and Tracy was great at helping me resolve the issue quickly. Great application and customer service!,true
DSP PERFORMANCE MOTORSPORTS,5 out of 5 stars,"August 7, 2025",I was having such difficulty with getting the widget to show up on my store but the team worked effortlessly to fix the issue. This is my 1st time using and greatly impressed with their quick response,true
Confetti Kidz,5 out of 5 stars,"August 7, 2025","Love this app SO MUCH! I had a few queries setting it up, and I spoke with an absolute Super Star Tracy. Super Super helpful, quick, knew the answer to all of my questions - thank you!!",true
Embrellar Jewelry® | Personalisierter Schmuck,5 out of 5 stars,"August 7, 2025",Best app,true
AUNTY WHACKY,5 out of 5 stars,"August 7, 2025",,true
Mazelus,5 out of 5 stars,"Edited August 7, 2025",Teşekkürler Tracy. Çok hızlı ve doğru bir dönüş yaptı.,false
aquillora,5 out of 5 stars,"August 6, 2025",Really happy with the customer support from Easify Custom Product Options.,true
CreativelyKaty,5 out of 5 stars,"August 6, 2025","Anne was so helpful with my problems. She showed videos and was able to assist me when I could not figure out my problem. She was patient and attentive.

-Katy",true
Metalpix,5 out of 5 stars,"August 6, 2025",Fast and effective. Love yall,true
Bubble and Bounce,5 out of 5 stars,"August 6, 2025",Great job friendly and helpful.,true
CoTimea,5 out of 5 stars,"August 6, 2025","I’m genuinely impressed with the support team at Easify Custom Product Options. I encountered a slowdown while using the configurator, and their response was both prompt and effective. They quickly identified the issue and recommended turning off preview mode a simple fix that worked instantly. Their fast response time and clear, helpful guidance made the whole experience smooth and stress-free. ...",true
TagtixRFID,5 out of 5 stars,"August 5, 2025",Great support! They are responsive to all my detailed requests on custom css promptly and dev team is quick to fix.,true
The Line Up,5 out of 5 stars,"August 5, 2025","The Custom Options app has some great features and is very helpful when your products are configurable. While the app does have some interesting quirks, the support has been fantastic and responsive.",true
PackMan,5 out of 5 stars,"August 5, 2025",I've tried a few variant options and this was the best. Very happy with them so far,true
Giftboomer Shop,5 out of 5 stars,"August 5, 2025",Hannie is a very Great Assistent she helped me so fast and my problem was in few minutes away and,true
Atna,5 out of 5 stars,"August 5, 2025","Best Customer Service!! great app
everything is so simple and strightfoward!!",true
Biscuit By Design,5 out of 5 stars,"August 5, 2025","Great app to customise your products for bulk orders, custom build your own options and any additional information for made-to-order products.
We had one issue with how products and add-ons were displayed at checkout, and Liv from my chat & the support team addressed the issue promptly.",true
Reve Stationary,5 out of 5 stars,"August 5, 2025",I have two shops and i use this app on both & customer service gave me an exclusive discount on my monthly plans !!! Also this app is very easy to navigate and have all the features you are looking for,true
DTF Transfers and More Ltd.,5 out of 5 stars,"August 5, 2025",Very quick to get back to me and help me resolve my issue. Thanks!,true
T.S.BRAND,5 out of 5 stars,"August 5, 2025","Clove, Anne, Thank you for your support.",true
LoveGem Studio LLC,5 out of 5 stars,"August 5, 2025","Great app, as it advertised. Fast customer support!",true
Bruijn,5 out of 5 stars,"August 5, 2025",The Easifiy Custom Product Options app has been a breeze to use. What's even better is that I needed quite a few customizations to make the app integrate more seamlessly with my website. The Support team was really helpful and helped me with these customizations very promptly. Could not be happier with the app and the support team. Highly recommend this app to anyone out there looking to add ...,true
Emmc craft Shapes,5 out of 5 stars,"August 4, 2025","Very Happy with Support (Clove). Dealt with Quickly and thoroughly!
Lots of features on the app and good value",true
360 Wonderer,4 out of 5 stars,"August 3, 2025",Fast response even during the weekend and late nights!,true
2mepromo.com,5 out of 5 stars,"August 3, 2025","Very good service, showed me exactly what I needed to get the app to work correctly",true
PIOWNN,5 out of 5 stars,"August 3, 2025","""The Easify Options team demonstrated exceptional technical support capabilities and customer service ethos. When our product page's add-to-cart button malfunctioned due to a conflict with the Kaching Bundles plugin, they responded promptly with a professional solution. The team not only accurately diagnosed the root cause but also proactively facilitated compatibility fixes to ensure seamless ...",true
DIY Customs,5 out of 5 stars,"August 3, 2025","5 Stars – Excellent App and Support Team

Over the past few weeks, I've been going back and forth with the Easify team - Anne, Charles, Violette, Liv, Clove, and Tracy, and I can't speak highly enough of their support and the app itself. Every issue or question I had was handled professionally, politely, and always with a clear understanding of the matter. Their communication has been excellent ...",true
Swoozies,5 out of 5 stars,"August 2, 2025",,true
Everly Made,5 out of 5 stars,"August 2, 2025",Liv and Anne have been helping me implement everything smoothly in the store. Their dev's know what they're doing,true
The Auders Collective,5 out of 5 stars,"August 2, 2025",,true
Chouettes Broderies,5 out of 5 stars,"August 2, 2025","Super app, ils répondent très rapidement et essaient de trouver une aide rapidement, merci",true
MYRKJA,5 out of 5 stars,"August 1, 2025","So far, I'm satisfied with Easify Custom Options - I haven’t tried anything super complex yet, but for what I needed, it worked smoothly. Big shoutout to their customer support (Jen was amazing: quick, helpful, and super friendly). Solid experience.",true
JLR Design,5 out of 5 stars,"August 1, 2025","This app really helps if you want to customize your product page.
You can easily add options, variations, swatches, own pictures for variants, size charts, check boxes etc.
The customize options for the costumers are easy implemented.
Your costumer can easily see his design with the Live Preview.
Additional are there templates available if you need some inspiration.

And if is there any question, ...",true
My Store,5 out of 5 stars,"August 1, 2025",These guys are super responsive and go above and beyond for their subscribers. I am really impressed by their quality of service and availability. They really set a benchmark for service.,true
Camden Body Jewellery,5 out of 5 stars,"August 1, 2025","Clove and Anne were the best to assist me with my issues, I had some technical issue with my store, it got resolved within 24 hours. App is gravy, 10/10, would definitely recommend to improve your AoV",true
MobiAccs,5 out of 5 stars,"August 1, 2025","Thank you so much, Clove, for your help! You were very patient and solved my issue step by step. I really appreciate your support and professionalism.",true
Naemely,5 out of 5 stars,"Edited August 5, 2025","Great customer service, very helpfull and fast. I had contact with Liv, Clove, Mari and Tracy. They are all very friendly and helping me out to get started. Thank you so much!",false
ShopZazaDelivery.com,5 out of 5 stars,"July 31, 2025","It was definitely a learning curve, but the customer support agent (Anne) on the live chat was incredibly responsive and helpful with the set up. I almost gave up until she assisted!",true
Fence Fabric,5 out of 5 stars,"July 31, 2025",The app has done what I needed so far and the support has been incredible!,true
Simply Printastic,5 out of 5 stars,"July 31, 2025","I had a great experience with Easify. Being a beginner at owning a shopify store, I was lost like a kid in a candy shop. Every concern or question I had, they gave me all the information I needed. When I didn't know how to do it myself, they stepped in and helped me with some settings for my store. They were always patient and stayed with me until the problem is solved. I warmly recommend Easify ...",true
Rose Rosh,5 out of 5 stars,"July 31, 2025",very good experience team is very co operative,true
Omélia Custom Jewelry,5 out of 5 stars,"July 31, 2025",perfect customer service good app,true
Uryan Woodworks,5 out of 5 stars,"July 31, 2025","Great app, very helpful customer service, 5 * for them :)",true
MAYA TX,5 out of 5 stars,"July 31, 2025","Best app in the marketplace. Customer service is fast and helpful, app is very usefull too",true
My Store,5 out of 5 stars,"July 31, 2025",Satisfied by your service,true
Eternal Prints,5 out of 5 stars,"July 31, 2025","We rely on this app for all our product variations, and it's been a game-changer. Recently, the team needed to update us to a new version, and the support we received from Liv was absolutely incredible. She was proactive, clear, and made the entire process seamless. We also use this app on our other store, and have always been impressed. If you need a powerful options app backed by a support team ...",true
tokenpaperie,5 out of 5 stars,"July 30, 2025","Super easy to set up, and our customers love how simple it is to choose their print method and color. We’re excited to add the live preview feature next!

Huge thanks to Liv and the team — they were lightning-fast and so helpful with a quick customization.",true
With Love & Chaos,4 out of 5 stars,"July 30, 2025","I have literally only been using this app for minutes, but have reached out to the support team 3 different times in the past few days with questions relating to what I wanted to add to my shop. The support team has been great! I've worked with Liv, Charles, and Tracy and they've all been helpful and prompt.

As far as the app goes, it seems to have a lot of options and has been relatively easy ...",false
Caveman Bands,5 out of 5 stars,"July 30, 2025",Live was so helpful and easy to work with. Thank you for the support!,true
Cryo Signs,5 out of 5 stars,"Edited August 6, 2025",Clove and Anne assisted me while i was learning how to use the app and when i had an issue with my product photo. They were both very patient and friendly!,false
FLORA,5 out of 5 stars,"July 30, 2025","The app is really good and the support is awesome, Clove was really helpful",true
DIY Company,5 out of 5 stars,"July 30, 2025",The service was fast and the software was great.,false
Pritty Things,5 out of 5 stars,"July 30, 2025",Thank you so much for the support! Hannie and Clove helped me so fast and professional!,true
Pascal Official,5 out of 5 stars,"July 29, 2025","Very satisfied. It can offer a set of features that cover all my needs. When I had a special request, the app was able to handle it without issues. Plus, the customer support is good too. especially Anne, who is very helpful, and friendly. She resolved my questions quickly and made sure everything worked perfectly.",true
FOTO,5 out of 5 stars,"July 29, 2025",,false
Saliseal,5 out of 5 stars,"Edited July 30, 2025",Prima app ook support is goed onduidelikheden of problemen worden snel opgelost. ze zijn zeer behulpzaam en antwoorden voor mijn gevoel24/7 op hulpvragen. ook thema dingen zoals otion box hebben ze spciaal voor mij gelijk gemaakt met het thema. Toppers,true
SubtlyPrints,5 out of 5 stars,"July 29, 2025","This app is ideal for my business having custom made items. It means my customers can see clearly how they need to provide their personalisation for me. Easy for many types of listings and always looking good with lots of personal touches to fit my store. Lich, Mari, Violette and Anne have all been super super friendly helpful and attentive when i have had any questions or issues. Highly ...",true
www.koopjefatbike.nl,5 out of 5 stars,"July 29, 2025",Goed geholpen door Jen toen ik optie niet kon vinden,true
The Jekill and Hyde Company,5 out of 5 stars,"July 29, 2025",Very good support! Clove solved all my questions / issues regarding options and pricing.,false
Gynger Boutique,5 out of 5 stars,"July 29, 2025","Clove me atendió muy atentamente y un servicio rápido, soluciono mi problema en muy poco tiempo.",true
Dragons Treasures,5 out of 5 stars,"July 28, 2025",,true
Capkov,5 out of 5 stars,"July 28, 2025","The app is simple to setup and in case you cant find something or need anything custom coded then there is no problem to hit up the support, their support is fast and reliable, also very nice.

Thank you for being with us Easify team!",true
Foundation Gift,5 out of 5 stars,"July 28, 2025","This App is one of the best in the market you could find. Customer support is top notch in terms of response and solving issues and doubts, especially from Anne. and yes it has Easy-to-use dashboard",true
Floranectar Flowers,5 out of 5 stars,"July 28, 2025",easy to use and great customer service,true
Mizo Jersey Home,5 out of 5 stars,"July 28, 2025","Thanks to clove for helping me out setting it up, its a good app",true
Straw-Struck,5 out of 5 stars,"July 28, 2025",Easify really made it easy for me to simply create variations on products. If I was the developer of this app I would be extremely proud.,true
Reciclajes Logisticos,5 out of 5 stars,"July 28, 2025","I was able to count on the help of Clove, who was a wonderfull professional. She helped me with all my questions and a problem I had with the app. I am very satisfied, 10/10.",true
Ted Lang Photo Art,5 out of 5 stars,"July 28, 2025",Vey good app for improving sales on Etsy. And customer chat support was well done and helpful.,true
Rhokea,5 out of 5 stars,"July 27, 2025",Easy to use app and good support,true
Stirling & Co,5 out of 5 stars,"July 27, 2025",,false
Charger Corner,5 out of 5 stars,"July 27, 2025",,true
DWO Services Printing,1 out of 5 stars,"Edited July 28, 2025","Zero is not an option. After confronting them about fraudulent activity, by bots following the installation of their product, they begrudgingly acknowledged the problem. Then, proceeded to convince me i only needed the super duper fix they implemented. Also promising discounts, etc
Further edit. Now has caused a “card transform function fail” Shopify says notify developer. They should only waste ...",true
MOI Studios,5 out of 5 stars,"Edited August 9, 2025","Easy to use app with lots of advanced functionalities. Anna, Lich and Jen were very helpful when I had to make some customizations.",false
EquiPaw Créations 🐾,5 out of 5 stars,"July 27, 2025",,true
miniprints,5 out of 5 stars,"July 26, 2025",Great support. Tracy was very patient and knowledgeable. The app is great but the support is what sells this for me,true
Pressiesbylulu,5 out of 5 stars,"July 26, 2025",I had an issue with making a custom option for a product listing and I wanted to get some help on the chat support. I spoke to a representative named Tracy and she was really sweet and supportive. She answered my questions and even though it got resolved quickly encouraged me to come back to her if I needed any further help. She made me feel comfortable and supported that I have somebody to help ...,true
That Gilded Lining by Pretty Gilded Design Private Limited,5 out of 5 stars,"July 26, 2025",Have just started using the app- so far the experience has been great! Very intuitive and also great customer service from Clove who responded quickly and helped resolve all our issues.,true
arxstudios.in,5 out of 5 stars,"July 26, 2025",Works best for us! Highly recommended!,true
Sam-fun,5 out of 5 stars,"July 26, 2025","The app is great and the support is absolutely fantastic. I'm just starting out, so I have no experience, but Lich helped me incredibly quickly. I would recommend it to everyone!",false
Moki Design Studio,5 out of 5 stars,"July 26, 2025","Great app, everything very easy to use and the support agents are extremely helpful. Clove responded quickly and efficiently when I had a question.",true
My Store,5 out of 5 stars,"July 26, 2025",This is a fantastic app!!,false
My Store,5 out of 5 stars,"July 25, 2025","Liv is super quick and helpful!
i've never experienced any customer service from shopify app faster and helpful than Liz.
love love love the customer service!
thank you! =)",true
Stellar Jewellery,5 out of 5 stars,"July 25, 2025","Hannie gave the best support, thank you so much for going through such lengths to ensure the app working in the most optimal way possible!",true
Pest Tech,5 out of 5 stars,"July 25, 2025",The Easify Team has been incredibly helpful and has solved every issue I had with my store. They were willing to get their dev team to solve the interactions in my store that were messing the order flow and patched it fast.,true
It Began With A Sparkle™,5 out of 5 stars,"Edited September 1, 2025","I'm learning the app Marl assist me to find what I need to complete my project. Thank you, Marl",true
Ray White Shop AUS,5 out of 5 stars,"July 25, 2025",Easify to add custom product option with any option and Happy with customer support.,true
thrila,5 out of 5 stars,"July 24, 2025",BEST APP IN THE GAME... GREAT CUSTOMER SUPPORT!,true
KLAMORE,5 out of 5 stars,"July 24, 2025",,true
Best Friends Merch,5 out of 5 stars,"July 24, 2025",Perfect! Exactly what I neede for my shop - options for everything & great customer support!!,true
TJM Promos,5 out of 5 stars,"July 24, 2025",,true
Starner Wood Co.,5 out of 5 stars,"July 24, 2025",,true
BlueKai Transfers,5 out of 5 stars,"July 24, 2025",Received answers quickly. Very grateful.,true
LuxeImprint LLC,5 out of 5 stars,"July 24, 2025",Very easy to use application and best for any product. Definitely recommend for others,true
IzmirJuwelier,5 out of 5 stars,"July 24, 2025",Really good App for Custom Options the Support is also super fast and helpful the Clove helped me a lot !,true
Shinnwa,5 out of 5 stars,"July 24, 2025",,true
UN Käerjeng 97 Fanshop,5 out of 5 stars,"July 24, 2025","Works perfectly for our shirts.
Great support from Anne, thanks a lot for your help.",true
Erin Lightfoot Studio,5 out of 5 stars,"July 23, 2025",Easy to use and good customer care,true
North Pole Stocking Co,5 out of 5 stars,"July 23, 2025","ITS SO EASY! Tracy was my support partner who popped up as soon as I added the app to my store, she helped me learn the app quickly and how to use it and the experience was just great. I was working on custom code to add a field to my product to feed to my cart for weeks and it was done in less than 5 minutes using this app.",true
Tudorial,5 out of 5 stars,"July 23, 2025",Very helpful and dedicated. Liv truly goes above and beyond to assist. I really appreciated her support!,true
Talk-Tee,5 out of 5 stars,"July 23, 2025","absolutely wonderful, solved my issue straight away.",true
Scribe Studio,5 out of 5 stars,"July 22, 2025","I was really satisfied with the technical support I received from Easify Options. Clove and Anne were both helpful and responsive, resolving my issue within the hour. Great experience overall!",true
Amicus Jewellery,5 out of 5 stars,"July 21, 2025",great help,true
Jen Sievers Art,5 out of 5 stars,"July 21, 2025","I was having some trouble identifying what was stopping a product showing on the website correctly, so I reached out to the Easify support team. Tracy and the team responded quickly, and were super helpful with assisting me to identify and fix the problem. Much appreciated!",true
Sticker-deals,5 out of 5 stars,"July 21, 2025","Erg tevreden met deze app tot nu toe. Nog heel erg aan het ontdekken, maar dit lijkt een waardevolle aanvulling voor mijn webshop.

Ik liep tegen een issue aan waar ik niet uit kwam, maar via de chat heeft Tracy me erg goed geholpen en kan ik weer verder!",true
Laser Gravur Manufaktur,5 out of 5 stars,"July 21, 2025",Super freundlicher und schneller Support!,true
artociti,5 out of 5 stars,"July 21, 2025","This option app is very useful to create dynamic options with complex logics. Ms. Anne, and other support team helped me setup my complex dynamic options. The Easify team is very supportive and works towards helping you set up customisations as per your requirements.",true
FM Cases,5 out of 5 stars,"July 21, 2025",,true
CosyCutie,5 out of 5 stars,"July 20, 2025","We've had a fantastic experience using Easify Product Options. The app offers exactly the features we need to customize our product options. What truly stands out, though, is the support team — they are incredibly responsive, friendly, and always willing to help. Every time we reached out with a question or needed assistance, they responded quickly and went above and beyond to make sure ...",true
Scotty Dog Golf,5 out of 5 stars,"July 20, 2025","Great service in helping the app up, ebgen for a novice like me, great patience and every thorugh, highly recomeneded",true
The Shop at JW Frame Crafters,5 out of 5 stars,"July 19, 2025",The customer support for this app is excellent. They assisted me in resolving an issue that I had and are working on making a change to the app to rectify the issue going forward.,true
Golf Custom Shop,5 out of 5 stars,"July 19, 2025","Mari was very good, 5 stars to her. Not only did she listen to my problem, she knew straight away how to fix the issue unlike Shopify technical support.

Excellent level of service.",true
WE AR,5 out of 5 stars,"July 19, 2025","Jen's support was simply outstanding. From the very beginning, she understood the issue and guided me step by step with great patience and kindness. She not only solved my problem quickly and effectively but also did it with such a professional and friendly attitude something you truly appreciate when you're stuck with a technical setup.

Jen is one of those people who really make a difference in ...",true
Smooch Cookie,5 out of 5 stars,"Edited August 19, 2025","Easify has been a complete game-changer as we've developed our store! the (adorable) interface is very intuitive to use, even for someone with very little experience like me. Most importantly, the team has been absolutely WONDERFUL to work with. Anne, Mari, and Tracy assist me frequently, quickly answering questions and helping with changes and css, in a very friendly and professional way. THANK ...",true
C and E Embroidery,5 out of 5 stars,"July 19, 2025",Anne was very helpful and fast!,true
AV BEAMON,5 out of 5 stars,"July 18, 2025",,true
My Home Blinds,5 out of 5 stars,"July 18, 2025",very helpful and solves my problems all the time,true
Laser Lab,5 out of 5 stars,"July 18, 2025","Supper responsive to all queries and issues, great service",true
Bulurru Shop,5 out of 5 stars,"July 17, 2025",Tracy answered my questions very quickly and was very helpful in explaining how to set up my product.,true
Signed Expression,5 out of 5 stars,"July 17, 2025",Excellent support and guidance offered by the team at Easify,false
Light Your Way,5 out of 5 stars,"July 17, 2025","This app is awesome, specifically the quick and amazing support I received from Liv really sealed my trust in this app. Wonderful !",true
BASEDCARBON,5 out of 5 stars,"July 17, 2025","Simple, mostly free / cheap, allows for pictures and changing the image/page based on product so a large plus",false
Israel Gift,5 out of 5 stars,"July 17, 2025","love the service, they answer really fast, and always try to help :)",true
Kose Book Box,5 out of 5 stars,"July 17, 2025","Great knowledge and help so far, haven't started using it yet, just installed",true
Laondrim,5 out of 5 stars,"July 17, 2025","First time using it and it is very functional and easy to use, and their support team is amazing! Liv helped a lot since I'm new to this app. Amazed at the fast, clear response :) Highly recommend!",true
McIntosh Woodworking,5 out of 5 stars,"July 16, 2025",So far so good. Liv from support has been helpful with special cases I have. Had to go premium to get some of the options needed.,false
Woodsbury,5 out of 5 stars,"July 16, 2025",Amazing customisations and options. Really helped streamline our engraving process. Couldn't find an app which did previews as good as this app. On top of that the support was amazing!,true
Prints & Repeat,5 out of 5 stars,"July 16, 2025",,true
Didi Cakes,5 out of 5 stars,"July 16, 2025","Great and responsive support, flexible and easy to use app.
This app has allowed us to automate product options and data capture across a wide range of applications on our store.
It's replaced and consolidated the work of other apps we were using simplifying back office too.",true
3DKATTEN,5 out of 5 stars,"July 16, 2025",,true
Nuance Lab,5 out of 5 stars,"July 15, 2025","Really happy with the customer support from Easify Custom Product Options. I had an issue with slow response time when using the configurator, and their team quickly helped me resolve it. They advised me to turn off preview mode, which instantly fixed the problem. Quick response and helpful advice, great experience overall!",true
HM Sports,5 out of 5 stars,"July 15, 2025","really appreciate the support agent Tracy she did a great job fixed my problems and guide me through, this app is very well managed and team behind is very professional highly recommended.",true
Esmeandfriends,5 out of 5 stars,"July 15, 2025","Super helpful and quick to respond, had to send to device team to investigate but communication was great - thankyou",true
X Sports&Living,5 out of 5 stars,"July 15, 2025","I’ve had a great experience using Easify Product Options for my store! The app is very intuitive and flexible, making it easy to create custom product options exactly the way I wanted. It works smoothly with my Shopify theme and has saved me so much time.

A big thank you to Clove from the support team – they were incredibly helpful, patient, and quick to respond whenever I had questions. It’s ...",true
JHopenstand,5 out of 5 stars,"July 14, 2025","Fast and efficient support. Clove and the Easify team solved the problems quickly, they were very helpful !",true
CocoBella,5 out of 5 stars,"July 14, 2025",They provided support very quickly. I highly recommend them. Even the dev team helped me with my issue right away. Support replied within a minute and assisted me immediately. I truly appreciate their time and support.,true
April Child,5 out of 5 stars,"July 14, 2025",Helpful customer service,true
l i m a u,5 out of 5 stars,"July 13, 2025",This is just what I needed to offer the flexibility for my customers to curate the gift of their choice! It's easy to use and the support is wonderful - encounter some minor problem and the team replied to my message almost immediately. Definitely recommend small business to try this app.,true
Valor Custom Designs,5 out of 5 stars,"July 13, 2025",,true
SubbuteoStadium.com,5 out of 5 stars,"July 13, 2025","Really like the app! Also the free version works very good, delighted with the support staff too! Five star all the way!",true
AttitudeArchery,5 out of 5 stars,"July 13, 2025","Just started playing with Easify, had some awesome help from Anne with sorting out a few issues I had, the team at Easify came through and nailed it.",true
Charms,5 out of 5 stars,"July 13, 2025",Customer service team is phenomenal and solves any issues FAST. Anne was a great help.,true
J&K,5 out of 5 stars,"July 12, 2025",Anne has been wonderful each time I have reached out about questions. She responds in a timely manner and has fixed all of my problems!,true
Insartify,5 out of 5 stars,"July 12, 2025","Very handy app and customer support always available for any problem, thanks to Anne for solving many of my technical problems",true
JUICE,5 out of 5 stars,"July 12, 2025",Clove was fantastic. great customer support,true
Wunderpäckli.ch,5 out of 5 stars,"July 12, 2025",Very good Pick & Mix app. I had a problem and it was solved within minutes by Anne's support. I love this app. It has already brought me a lot of revenue.,true
Denimosa,5 out of 5 stars,"July 12, 2025",,false
Golazzo Ltd,5 out of 5 stars,"Edited July 15, 2025",I struggled with the app initially because it did not have the desired functionality with exporting data. They were very apologetic and have worked with me to deliver the required exports. Very helpful people!,true
Cowart Awards,5 out of 5 stars,"July 11, 2025",New to using it but seems feature rich and easy to use. I've worked with support on a couple of setup issues and they've been wonderful! Jen did a great job walking me through my issues and finding an easy solution. Excited to continue to dive into the features and see what it can do for our store.,true
YAY Paris,5 out of 5 stars,"July 11, 2025",,true
alanooduae,5 out of 5 stars,"July 11, 2025",Great app i ever found.great support from the team. especially Mrs.Liv. i really appreciate it.i highly recommended this app,true
Elle Blooming,5 out of 5 stars,"July 11, 2025","Fast support, powerful features!

Easify helped me fix a setup issue within minutes amazing support! The app is intuitive, flexible, and perfect for custom product options (text, images, colors). Highly recommended!",true
Desert Bloom Stitches LLC,5 out of 5 stars,"July 10, 2025",,false
Sams Engraving and Gifts,5 out of 5 stars,"Edited July 15, 2025","This app is so awesome. We where using a different product option app and ran across this app. It comes with so many options and also has Product Preview! The way the app was created, you can add product Preview to any option set you already created. You don't need to create from scratch. We had a minor problem with the Product preview and jumped on the chat with Anne. She helped me with problem ...",true
My Store,5 out of 5 stars,"July 10, 2025","Best App for customize your products, belive me i tried almost all the apps

Anne from Easy is so great and fast to answer in support!

Top app",true
Benalor,5 out of 5 stars,"July 10, 2025","I had an issue with the visibility of my engraving products on my Shopify store, and Anne from the Easify Support Team was incredibly helpful throughout the entire process. From the moment I reached out, Anne was prompt, polite, and professional. She quickly understood my concern and guided me step-by-step on how to resolve the problem.",true
Hongyu Minilmalist Shop,5 out of 5 stars,"July 10, 2025","Mari， solved my issue with real-time preview and theme conflicts, thank you very much.",false
Oh My Goody,5 out of 5 stars,"July 10, 2025","Amazing app with lots of features for personalization. Also offer great support, really happy with it!",true
Eco Cup Store,5 out of 5 stars,"July 10, 2025",Just started using this app and the support has been nothing but outstanding so far. Really pleased that the Easify team go the extra mile to help out.,false
Sing My Story,5 out of 5 stars,"July 9, 2025","Superbe application, elle fonctionne très bien, ses fonctionnalités marchent super bien en respectant ce qui est décrit sur la description de l’application.

Le service client est génial, ils m’ont répondu vite et ils m’ont réglé pleins de problèmes quand j’ai fait des erreurs dans l’application, j’adore !",true
Irv's Luggage,5 out of 5 stars,"July 9, 2025",Best support!,true
Glamovia New Stores,5 out of 5 stars,"July 9, 2025",Amazing App with a lot of functionalities to delight your end customers. I am loving it. My Search for good app ended now. Thank you Jen for your quick support for configuration. You are guys are great and prompt in customer service. Thanks,false
Pop Melon,5 out of 5 stars,"July 9, 2025",Great application! Been using it for months now and really really satisfy with the options it provide but also with the service. The team is really fast to respond and solve issue :),true
Glossy Charm,5 out of 5 stars,"July 8, 2025",,true
Party Shop,5 out of 5 stars,"July 8, 2025","Great support and Great App! Always timely and friendly, no problem or amendment is to tricky. Thanks Tracy and the team",true
Empower,5 out of 5 stars,"July 8, 2025","We've been using Easify to build our Mix & Match packs, which quickly became our best-selling product, and this app made it incredibly easy. The interface is intuitive, customization is straightforward, and it works seamlessly with product variants and translations. If you're looking for a flexible solution to enhance your product options, this app is a game-changer. Highly recommended!",true
www.Lasermagic.nl,5 out of 5 stars,"July 8, 2025","I was helped quickly and extremely well. The app is super easy to use, and if you have any questions, the support is clear and genuinely helpful. A big thank you to Hannie for the outstanding assistance – she made everything so easy. Highly recommended!",false
S+R Linear Technology,5 out of 5 stars,"July 8, 2025",Awesome. You can enable options depended on logic e.g. products name contains. Perfect for editing thousands of products at once.,true
Vsique,5 out of 5 stars,"July 8, 2025",Quick response to questions and issues in less than afew minutes !,true
Monograms by Maddie,5 out of 5 stars,"July 8, 2025","App works as advertised. Great customer service. I had an issue on my end, they walked me write though the process to get it fixed. Had it fixed within 5 minutes.",true
Gustidesign,5 out of 5 stars,"July 8, 2025",very good service and quick to answer in the chat,true
Abbeygate,5 out of 5 stars,"July 8, 2025",Easy to use and responsive customer service. Recommended! :),true
NAMAEYA,5 out of 5 stars,"July 8, 2025","I had some questions about the app, and when I reached out, I got a quick response and helpful support. I really appreciate Clove’s clear and thoughtful explanation!",true
Game Day Designs LLC,5 out of 5 stars,"July 8, 2025",Liv was very helpful. I am new at all things web design and online store and had a few questions. She helped me get set up with an update that is supposed to help with checkout etc. Thank you!,true
VMG Cases,5 out of 5 stars,"July 7, 2025",Excellent customer service with Anne,true
Terraflow Art,5 out of 5 stars,"July 7, 2025","The service is incredibly efficient, Every questions are answered instandly. Anne is a good customers Agent, made me feel like this app is truly amazing. and I suddenly realized how wise my decition was in choosing it,

By the way, I actually downloaded the app because of the CUTE LOGO! LOLLL",false
Classy Cozy Cool | Made in USA | Women's Clothing Boutique,5 out of 5 stars,"July 7, 2025","There is a learning curve to get everything exactly as you want it to look. However, the customer service team has been super responsive. All my issues have been resolved very quickly. Excellent product for the price. It allows my small company to offer graphic design options to our made in America products. I am very happy this this product. Most of all, all my questions have been answered ...",true
Vulc 87 Designs,5 out of 5 stars,"Edited August 11, 2025",Lich did an amazing job of helping me troubleshoot the product personalizer and raise an issue with the dev team. I have every confidence this issue will be fixed soon.,true
Kits United FC,5 out of 5 stars,"July 7, 2025",Clove from easify was very helpful and guided me through everything,false
Treat House,5 out of 5 stars,"July 7, 2025",Customer support was very helpful and quick to respond.,true
anticalarderiamafalda.com,5 out of 5 stars,"July 7, 2025","Amazing app!
This app makes it incredibly easy to create advanced product options and customize the shopping experience exactly how you want. The interface is clean and intuitive, and the support team is always fast, friendly, and helpful. Highly recommended for any Shopify store looking to offer more flexible options to customers!",true
Island Balloon,5 out of 5 stars,"Edited August 6, 2025",Helpful staff :) They are always there to help and very patient!,true
Colorful Chaos,5 out of 5 stars,"July 6, 2025","Easify Product Options has been an incredible addition to my Shopify store. It has so many great features that are extremely helpful when building and customizing an eCommerce shop. Whether you need product swatches, advanced conditional options, or just simple input fields, this app has it all and makes it easy to set up exactly what you need.

I also want to highlight Lich from their support ...",true
My Store,5 out of 5 stars,"July 6, 2025","This app is super user friendly and provided the exact features I needed to create custom fields on my custom order page. I really appreciate being able to customize the look and feel of the custom fields to match my shops theme. Their customer service representatives (Mari, Tracy & Lich) were very quick to respond in chat and help me with issues I encountered during set-up. Highly recommend this ...",true
Blue Bling Collars,5 out of 5 stars,"July 6, 2025",Tracy is very helpful and fix my problem expeditiously!,false
Orli Jewellery,5 out of 5 stars,"July 6, 2025","been looking for years for an app like this! amazing customercare helped me figure out how to make my charm builder and they are very fast to reply, couldnt be happier",true
Elzara,5 out of 5 stars,"July 6, 2025",Nice Service.,true
My Store,5 out of 5 stars,"July 6, 2025",Fantastic and prompt service. They were able to assist with my requests in a very fast manner and excellent customer service!!,false
633 Products,5 out of 5 stars,"July 5, 2025","Lich did a great job helping me find a solution to my problem in applying the Option Sets to each product. Thank you, Lich!",false
zoojoyshop,5 out of 5 stars,"July 5, 2025",,true
HETBROODHUISJE,5 out of 5 stars,"July 5, 2025",MANY THANKS,true
The Coffee Fool,5 out of 5 stars,"July 4, 2025",,true
All American Custom Embroidery,5 out of 5 stars,"July 4, 2025",,true
Blenko Glass Company,5 out of 5 stars,"July 4, 2025",Great plugin and even better support! Fixed a bug on my end without me lifting a finger.,true
Tracts of Life,5 out of 5 stars,"July 4, 2025","While I do have an issue with a required field, they were quick to respond via chat and commit to look at the problem.",false
NetCanvas,5 out of 5 stars,"July 4, 2025","Fantastic App and the aftersales service is top notch, Tracy assisted me timeously and all my requests were attended to in no time. Very happy with this variants and price addon app.",true
KNH808,5 out of 5 stars,"July 3, 2025",Grateful that Anne was able to help me with an issue that has been giving me a headache all day. She was quick and communicative. Total lifesaver - would definitely reach out for help in the future. 10/10 would recommend :),true
Boutique Officielle du DFCO,5 out of 5 stars,"July 3, 2025","We were truly impressed by the quality of the module and the exceptional dedication of the support and development team in tailoring it to our exact needs, both on the front-end and back-end.

Easify proved to be a real game-changer for the swift launch of our new e-shop, which we needed to deploy within a tight timeframe. Our sincere thanks to the entire team – keep up the fantastic work!",true
Superscript Comics and Games,5 out of 5 stars,"July 3, 2025","Initial setup is simple and Liv walked us through our questions. Just testing it out still, but seems great for custom forms when customers add items to a cart.",true
Danat DTF,5 out of 5 stars,"July 5, 2025","Offer the best customization at the best price we have tested until now.
Will update if we find anything.

Anne has been helpful fixing compatibility between my theme and their app. Fast and efficient.",true
Joe & Oli,1 out of 5 stars,"July 3, 2025",App still charging me after uninstalling and unsubscribing.,true
BeerLab Home Brew Supplies,5 out of 5 stars,"July 3, 2025",Friendly and efficient,true
100 Колбаса,5 out of 5 stars,"July 3, 2025",App is working well and the support are really helpfull!,true
Poudrée,5 out of 5 stars,"July 3, 2025",Application hyper complète au top ! J'ai été accompagné par Clove et les explications étaient clairs du début à la fin !,true
Oak & Olive Co.,5 out of 5 stars,"July 2, 2025","This app has been exceptional and my website could not function without it! The team at Easify are quick to respond and answer any questions you may have. As a custom small shop, my product customizations are complicated and they helped me to set-up the custom options perfectly for my customers. Anne has been extremely helpful! The app is organized in a way that makes it easy to create exactly ...",true
HALLYUSUPERSTORE,5 out of 5 stars,"July 2, 2025","This app is incredibly easy to use, and the customer service is absolutely outstanding! It made setting up custom checkboxes effortless. I’m definitely going to use it for the long term—highly recommended!!",true
TYPE 4 WIGS by MAWUENA HAIR,5 out of 5 stars,"July 2, 2025",Lich from the Easify team helped me to customise the button code to seamlessly integrate with my store,true
Noble Key Supply,5 out of 5 stars,"July 2, 2025",I am so impressed with this app! Setup has been easy and the support team has been incredibly helpful to make changes to make sure it functions exactly how we like it. Tracy was especially helpful.,true
Ordpresent,5 out of 5 stars,"July 3, 2025",,false
MadewithaSmile,5 out of 5 stars,"July 2, 2025","Good app, not quite as user friendly to understand, but online help with Tracy is amazing and sorted out all issues within 10 minutes - ish",true
Madame Mauvaise graine,5 out of 5 stars,"July 2, 2025","Super application, simple à comprendre et un super support, surtout avec clove qui prend le temps de tout nous expliquer jusqu'à résolution du problème ! c'est super Merci !",true
Chichicanos,5 out of 5 stars,"July 2, 2025",,true
Decourt,5 out of 5 stars,"July 2, 2025",,true
Seas & Skis,5 out of 5 stars,"July 1, 2025",I wish I knew about this sooner!,false
Stillwater Art Collective,5 out of 5 stars,"July 2, 2025",Liv was amazing. She worked really hard to help me achieve the outcome i needed. Thanks so much Liv!!,false
SkalznTails.com,5 out of 5 stars,"July 3, 2025",This is the best app ever!!!! If you have an issue and support is unable to correct it. They will send your request to the developer. Would HIGHLY recommend this app for your Shopify Store if your products need customization. Easify has been able to meet all my requirements to help me customize my store.,false
Your Organic Bedroom,5 out of 5 stars,"July 1, 2025",Super fast help thanks to the team! Only been using this for an hour and already loving what I am seeing!,true
Isla Eme,5 out of 5 stars,"July 1, 2025",Had help from Anne in the Customer Service team. Very efficient and hands on support!,true
Clairelyyours,5 out of 5 stars,"July 1, 2025",Outstanding app!! I absolutely love it. This app has taken my shop to the next level. I couldn't recommend it more!!,true
Tractor Innovations,5 out of 5 stars,"June 30, 2025","Easy to use, and very responsive customer service!",true
Winslow & Brody,5 out of 5 stars,"June 30, 2025",Clove helps me a lot and I wish I could hire her. She is AMAZING. She goes above and beyond. Takes time to understand my problem. Is VERY professional. I wish her good luck and great success. I hope she gets promoted because everyone in customer service should be like her. THANK YOU CLOVE,true
Primal Plates,5 out of 5 stars,"June 30, 2025","Genuinely very impressed by what the app can do but more importantly level of customer service & custom help / demos I was shown by Clove, don't often leave reviews but this is a great app & very well deserved :)",true
My Happy Customized Gifts,5 out of 5 stars,"June 30, 2025","Easify has been an incredible tool for our business! As a custom product options and customizer app, it offers exactly what we need to give our customers flexibility when ordering personalized items. The interface is clean, intuitive, and makes setting up product variations super simple.

What really made the experience exceptional was the support team. Tracy and Jen personally helped me with the ...",true
Vigoliving,5 out of 5 stars,"June 30, 2025",,true
SOLLY AND CO,5 out of 5 stars,"June 30, 2025",,true
Rustic Wren,5 out of 5 stars,"Edited August 6, 2025",its working really well. just the one little step of adding your chosen personalisation has made a world of change to my orders. and adding the text to my orders is the best bit.,true
Paintechz,5 out of 5 stars,"June 30, 2025","Very good plugin, but there is room for optimization, let's say the experience would be even better if it was like the Amazon custom page. Sorry for being a bit demanding.",true
My Store,5 out of 5 stars,"Edited August 26, 2025","I need customers to select the length and height separately, then calculate the area and then figure out the price. This app can do it perfectly! ! A special shout-out to Customer Service rep Clove and Lich—lightning-fast responses, spot-on answers.",true
Embrbright,5 out of 5 stars,"June 29, 2025",,true
Rideparts | Onlineshop,5 out of 5 stars,"June 29, 2025","Big Thanks at Tracy and Violette.

Best Support ever!",true
Monchapitre,5 out of 5 stars,"June 29, 2025","An easy-to-use and very aesthetic application, and above all a team that listens and is always there whenever I need anything. I recommend it 100%.",true
LUXE FAVOURS,5 out of 5 stars,"June 29, 2025","Very quick customer service, my question was answered with a few minutes. Anne was very helpful. Thank you so much",true
Valentina Boutique,5 out of 5 stars,"June 28, 2025","Thank you for support! Really helpful! I just got this App, I'm learning how to set all to my webshop. I love it",true
BUNTHEIT,5 out of 5 stars,"June 28, 2025","I'm very satisfied with this app, it has really all the thing what i needed. good job support team",false
Laser Studio,5 out of 5 stars,"June 28, 2025",I just started And I am happy with it And Many thanks to Lich for the professional and excellent support,true
Ebatla,5 out of 5 stars,"June 28, 2025",,true
WARGEAR,5 out of 5 stars,"June 28, 2025",Very easy to set up and works perfectly for adding customization options. The support team replied instantly and helped me configure everything in minutes. Great experience!,true
Miller Boys Vintage Toys,5 out of 5 stars,"June 28, 2025","This app makes it so easy for our customers to customize products and add special extras. The interface is intuitive, the setup was easy, and we hope our customers love the seamless experience. Highly recommend it to anyone looking to offer personalization and add-ons with a support staff that never sleeps until you are satisfied!!",true
cutandcropped,5 out of 5 stars,"June 28, 2025",amazing love it,true
MochuKeeb,5 out of 5 stars,"June 27, 2025",very nice support. answers questions very detailed. very helpful.,true
The Holo Store,5 out of 5 stars,"June 27, 2025",Amazing app with amazing customer service. keep up the good work (Y),true
HOLST + LEE,5 out of 5 stars,"Edited July 8, 2025",We are still trialing this app but so far it looks like it has nearly everything we need. And support has been very good. Hannie and Mari really helped me with sticking points. I look forward to implementing this for my client.,true
Sukun: Luxurious bedding and homeware.,5 out of 5 stars,"June 27, 2025","Nice Experience, also appreciate the support team prompt response!",true
My Store,5 out of 5 stars,"June 27, 2025",fantastic add on really helpful in app chat. new to shopify but really enhanced our site,true
Steel Guardian Defense,5 out of 5 stars,"June 27, 2025",Extremely helpful support for navigating back-end issues with creating custom order products.,true
Hollychocs,5 out of 5 stars,"June 27, 2025",Very easy to use and the support is brilliant if you struggle with anything. Tracy helped me today to code my packing slip to sync with Easify options.,true
Zynnia,5 out of 5 stars,"June 26, 2025",Anne has been really helpful and prompt with her service.,true
Visionlabservices,5 out of 5 stars,"June 26, 2025",,true
PastYour Lips,4 out of 5 stars,"June 25, 2025",,true
Nikkah Nama By Marium,5 out of 5 stars,"June 25, 2025",,true
Bon Fruit,5 out of 5 stars,"June 25, 2025","Great support, happy to recommend!",true
WIAA,5 out of 5 stars,"June 25, 2025","Always fantastic to work with! They have helped me so much with getting exactly what I want to appear on my product pages. Easify has responded extremely quickly and always goes above and beyond to make sure everything works perfectly. Their support is top-notch, and the app is incredibly user-friendly. Highly recommend!",true
Lana Royals,5 out of 5 stars,"June 25, 2025","Amazing app — has all the features you need to get started and much more! Also phenomenal customer support, had all my questions answered within minutes. Super recommend!",false
Etoile de Fraise,5 out of 5 stars,"June 24, 2025","Bonjour, après un petit problème rencontré j'ai communiqué avec l'équipe de Easy Custom Product Options, mon interlocuteur Charles très à l'écoute m'a beaucoup aidé. Je recommande cette application et son support très réactif. Merci beaucoup à Charles.",true
Socom Tactical Airsoft,5 out of 5 stars,"June 24, 2025",great app great support,true
Cash's Nametapes,5 out of 5 stars,"June 24, 2025",We are still trialing this app to make sure it suits our needs. The customer service is top notch. The team reply almost instantly and even go as far as performing video demos to help set products up. Thanks team!,true
Built To Play Games,5 out of 5 stars,"July 8, 2025","The Easify team has been incredibly attentive, patient, and thorough with teaching me how to utilize the app more effectively, resolve any issues I encounter, as well as fulfill requests I've made. For example, Clove went above and beyond by staying 16 minutes overtime to make sure that an issue I was experiencing was resolved. Another time, Liv and Hannie (and others on the dev team), fulfilled ...",false
That Crafty One,5 out of 5 stars,"June 23, 2025",Quick customer service!,true
Mildred's,5 out of 5 stars,"June 23, 2025",Already super impressed with this light weight app that carries some heavy functionality punches! Great support from Clove too. Recommended. Thanks team!,true
Thunder Designs by Lenzy,5 out of 5 stars,"June 23, 2025","So far, this app has been great! There have been a few hiccups, but any questions that i have had, Liv, from customer support, has been very graciously helping me through every step. She has been able to help me figure out a way to post the products on my site exactly how i want them. This app has been very helpful!",true
REKTA STUDIO,5 out of 5 stars,"June 23, 2025","As of this writing, I have a pending concern with them and will wait for it to be resolved. But during my chat with Liv, I felt secure that they will really help and resolved my issue :)",false
My Store,5 out of 5 stars,"June 23, 2025","very fast and awesome support from mari, clove and anne. all are very good support staff.",true
Sensalea,5 out of 5 stars,"June 23, 2025","Estoy encantadísima con esta aplicación de personalización de productos. Ofrece una cantidad increíble de opciones: puedes añadir variantes con texto, campos para que el cliente suba archivos, complementos extra... ¡todo lo que necesitaba para mis productos personalizados!

Además, el servicio técnico es una maravilla. Siempre que he tenido alguna duda o problema me han contestado rapidísimo — ...",true
Propét Australia,5 out of 5 stars,"June 23, 2025","Really easy to configure yourself, but if you have any questions the support is so quick to reply.

The options make the store much easier to browse and add cross sell opportunities.",true
Null Design Co,5 out of 5 stars,"June 22, 2025",Tracy was very thorough and helpful with her answer. Would recommend this app to everyone.,true
Jatt Sports Uniforms,5 out of 5 stars,"June 22, 2025",Liv was immediately able to correct the issue I was having.,true
Ziriah,5 out of 5 stars,"June 22, 2025","Suporte muito rapido, atendimento muito bom, estou gostando muito do app!",false
Dein-Dackelshop,5 out of 5 stars,"June 22, 2025","Sehr toller Kundenservice! Mir wurden innerhalb Minuten mehrere Probleme behoben welche ich so hätte nie lösen können, Danke an das Team!",false
Faithfully Whole,5 out of 5 stars,"June 21, 2025","I’m so impressed with the Easify app and especially with the amazing support I received from Hannie. Today was my first time using the app—I had no idea where to begin. Hannie patiently guided me through every step. She sent me helpful tutorial videos, clearly explained the process, and even submitted a collaborator request to dive in and troubleshoot directly.

What really stood out was how she ...",true
RoseRowanDesign,5 out of 5 stars,"June 21, 2025",,true
Runline,5 out of 5 stars,"July 5, 2025","Great app, super simple and flexible. Also excellent customer support, especially from Jen and Anne! Thanks Easify!",false
Velita,5 out of 5 stars,"June 21, 2025",App works well! some technical problems but Anne helped me with them,false
The Custom Co,5 out of 5 stars,"June 21, 2025",,true
Hakuna Pets AU,5 out of 5 stars,"June 21, 2025","Very powerful app with out of the box templates & options to refer to. There are also in-app settings & in-app CSS section to fine tune your options look.

Very helpful live chat support + documentation too.",true
andando.mx,5 out of 5 stars,"June 20, 2025","It is sooo easy to use and integrate! I have had the best experience with their support team, they work fast and have a great clear communication and super fast time response! I really recommend this app!",true
High Roller Games Inc,5 out of 5 stars,"June 20, 2025",Great custom feature and excellent customer support with Tracy.,true
COLORAMABOOKS,5 out of 5 stars,"Edited June 24, 2025",Great customer sernice that is always willing to help with solving issues!,false
My Amulet,5 out of 5 stars,"June 20, 2025",,false
Simpli Smart Living,5 out of 5 stars,"Edited August 13, 2025",Clove helped me and answered all my questions very quickly. Great app!,true
Zurchers,5 out of 5 stars,"June 19, 2025","Awesome customer support, very smart and nice. I would hire them and give them a raise if I had the option.",true
Modern Coastal Living,5 out of 5 stars,"June 19, 2025",LIV and Mari have been so very helpful. Thank you both for your patience and time to understand the questions and to deliver the answers. Whilst also managing their workload and customer expectations! :),true
Three Fools Coffee,5 out of 5 stars,"June 19, 2025",Support from Liv at easify has been great! Have tried many different apps to find a solution for our site and easify have by far been the best to work with. Would absolutely reccomend.,true
CelestialBalls,5 out of 5 stars,"June 19, 2025",,true
layoris,5 out of 5 stars,"June 19, 2025","Thanks to Anne and the Easify Product Options team, my needs were responded to and modified immediately, which was great.",true
Stuffed Love,5 out of 5 stars,"June 18, 2025",The 24/7 customer support is absolutely incredible. I dealt with a lady named Tracy who solved my problem immediately. Great work!,false
Sugar Daddy Cookies ATL,5 out of 5 stars,"June 18, 2025",This app is awesome but the customer service is even better! Get this!!!!,true
Revive Cannabis,5 out of 5 stars,"June 18, 2025",They helped get my issue fixed within a day!,true
mysfragida.gr,5 out of 5 stars,"June 18, 2025","Amazing app with a lot of choices and so easy to use it. Support team is always available for helping you and the price is good.

Best choice for product options.",true
Philip Jones Jewellery,5 out of 5 stars,"June 18, 2025",Great app - has everything we needed it for and more and the support and assistance to get it set up and customised has been fast and excellent.,true
Afsun & Co.,5 out of 5 stars,"June 18, 2025","I had a small issue with getting my size option to show only when “Stitched” was selected, and Mari from support helped me out quickly. She was super helpful and made sure everything was working the way I needed. The app itself is easy to use and works great for adding custom options without messing with Shopify’s variant limit. Really happy with it!",true
CraveRise,5 out of 5 stars,"June 19, 2025",非常不错的软件，解决了不少问题，客服也很有耐心五星好评。,false
Wick of Hope,5 out of 5 stars,"June 17, 2025","Excellent customer service by Liv. Their support is very helpful and friendly. Easy to use app, highly recommended if you need customization for your products.",true
Dop3Merch,5 out of 5 stars,"June 17, 2025",This amazing app doesn't conflict with my BOGO app. Tracy helped me a lot with setting this up. Highly recommend!,false
Plate vision Ltd,5 out of 5 stars,"June 17, 2025","very fast to sort out my issure, thanks again",false
InConsciente Galería,5 out of 5 stars,"June 17, 2025",Violette was very kind and efficient in resolving my compatibility issue. Thank you very much.,false
Winans Coffee & Chocolate,5 out of 5 stars,"June 16, 2025","We needed to add a simple text input field on a specific product and this worked great. Installed the app, created the field, and made it live on the product in less than 15 minutes.",true
La Maison Angelique,5 out of 5 stars,"June 16, 2025","Great app for product personalization! Our customers love designing their own jewelry, and the interface is clean and easy to use. Support is fast and helpful — big thanks to Anne for her amazing assistance!",true
NoirDesigned,5 out of 5 stars,"June 15, 2025","Very helpful with all the questions I have. Definitely recommend. I was a bit nervous using the app but once your understand the settings, its very easy.",true
PRISM & POPPY,5 out of 5 stars,"Edited July 17, 2025","This is such a great app, and the customer service team is top notch (special shoutout to Tracy who has personally helped me so much!) I've used the free and now a paid tier, finding lots of value and possibility in this app! I'm excited for their upcoming POD live preview integrations : )",true
Illumara Art,5 out of 5 stars,"June 15, 2025","Love this app, it´s great. One of the few apps for using custom text columns and quantity selector. Leach from the support Team does an amazing job !",false
RevWear,5 out of 5 stars,"June 15, 2025","Very good client service, thanks to easify and Lich for being patient and helpful.",false
Kaiyi Silk,5 out of 5 stars,"June 15, 2025","Easy to use and does the job really well! Support Anne is really helpful, response is always prompt.",true
Trove Gate,5 out of 5 stars,"June 14, 2025","Thanks Clove to help me out from setup.
Patients and brief solve the issue.
Thank you so much.",true
He-merch.com,5 out of 5 stars,"Edited September 13, 2025","The support is Awesome,many thanks Lich for your great kindness and pro action for the respond of all my questions!!",true
"Aerosols ""R"" Us",5 out of 5 stars,"June 14, 2025","Fantastic support and very fast, Anne did a fantastic job, and has made my website product page look fantastic, I tried another app asked the same question and they were unable to do what Anne has done for me",true
Kerbers Farm School,5 out of 5 stars,"June 14, 2025",Simple to use and great fast customer support (even at midnight!). Would definitely recommend. Tracy was super helpful,true
Jones & Co. Leatherworks,5 out of 5 stars,"June 13, 2025","App is great so far. Love the versatility. At times can be finicky and slow to catch up, but worth in my opinion.",true
Carolina Sportsman Outfitters | 0% Financing & No Credit Needed | Apply Online or In Store,5 out of 5 stars,"Edited June 23, 2025","Jen helped with Fast service for minor issue, fixed within couple minutes",true
Ad Astra,5 out of 5 stars,"June 13, 2025",amazing!,true
CG Corporate,5 out of 5 stars,"June 13, 2025","Great service from the team. Needed a small customisation and they were very helpful, keeping me updated and doing the change on our store.",true
CoachJoe.ca,5 out of 5 stars,"June 13, 2025",Thanks to Clove for her help! cool app,true
paxsport,5 out of 5 stars,"June 13, 2025",Support for this app is top draw! Resolved my issue straight away,false
Allure Wedding Jewelry,5 out of 5 stars,"June 13, 2025","This app is incredible! It is so easy to use. I needed to add a simple text box to collect information and it was so easy to add. This app has so much functionality, so I am looking forward to adding all sorts of options to my product pages.",true
The Positive Pencil Co,5 out of 5 stars,"June 13, 2025","I had a few issues with the App (I accidentally deleted something I shouldn't have) but I reached out to the team and Clove fixed it immediately for me. I am so happy that it's working, as a non developer I find this app so easy to use and it's essential for my business. Would definitely recommend it.",true
Blaise Boutique,5 out of 5 stars,"June 13, 2025",Excellent service!,true
Two Towns Apparel,5 out of 5 stars,"June 13, 2025","Was facing some issues with how the app was showing up on my website, and it got fixed really quickly thanks to Liz, Anne and Violette!",true
Ringconn,5 out of 5 stars,"June 13, 2025",Their customer support (Clove) is very helpful.,false
Bailed Up Apparel,5 out of 5 stars,"June 12, 2025","It is a fantastic app, has helped me achieve options that i couldn't have in other apps.
support has made it very easy.",true
Wristbands247 Canada,5 out of 5 stars,"June 12, 2025","I can’t say enough great things about Easify and the exceptional support I’ve received—especially from Tracy. From the very beginning, she’s been incredibly helpful, taking the time to walk me through everything I needed to set up the customization functionality on my store. Her guidance has been invaluable.

We encountered an app conflict early on, but Tracy and her team quickly identified the ...",true
Anemone Vinkel,5 out of 5 stars,"June 12, 2025",This app is working great.. Thank to the support team for helping us in all the questions and setingup how I wanted,true
Sillage Co.,5 out of 5 stars,"June 12, 2025",,true
LemuriaWorld,5 out of 5 stars,"June 11, 2025",Great customer support!,true
LoveThyBeast,5 out of 5 stars,"June 11, 2025","Tracy is amazing in the chat. So are her other colleagues. App is great so far, glad I stumbled on it. its everything I habe been looking for",true
RUB-N-GRUB,5 out of 5 stars,"June 11, 2025",helpful,true
Tapedesign Schweiz Official,5 out of 5 stars,"June 11, 2025",Excellent support - all of them! Especially Clove today. Thanks!,false
TRSigns,5 out of 5 stars,"June 10, 2025",The app has all the features I think I need and then even more when I need those too. The support staff has always been helpful and prompt with all my needs. Charles even helped with giving me a video of what I couldn't find.,true
My Store,5 out of 5 stars,"June 10, 2025",Mari in customer support was amazing - very patient with me and very knowledgeable! I never could have figured things out without her help.,false
3D Crystals,5 out of 5 stars,"June 10, 2025","This app helped me a lot ! very useful and easy to deal with, support team is also helpful and willing to help ! thanks !",false
Mitlee Plastics,5 out of 5 stars,"June 10, 2025",Brilliant app with brilliant support. A massive shoutout to Liv who sorted all my issues out within 5 minutes. Highly recommended,false
golf-factory.com,5 out of 5 stars,"June 10, 2025",Clove was fantastic helping out with difficult topic!,false
Soft Emulsions,5 out of 5 stars,"June 9, 2025",,false
Laser Fantasy – Geschenke mit Gravur,5 out of 5 stars,"June 9, 2025","Eine umfangreiche Erweiterung, mit welcher man den Kunden Produktpersonalisierung anbieten kann.
Etwas störend sind die großen Werbeeinblendungen zu anderen Produkten dieses Anbieters in den Einstellungen, das könnte man auch subtiler lösen.

Der Support reagiert sehr schnell und kompetent.
So hat der Mitarbeiter Clove z. B. innerhalb von 10 Minuten auf meine Anfrage reagiert und mein Problem ...",true
HNHCREATIONS4YOU,5 out of 5 stars,"June 9, 2025",THIS APP IS WONDERFUL AND THE AGENTS ARE VERY HELPFUL AND WILL ASSIST WITH WALKING YOU THROUGH AND PROVIDING LEARNING INFO TO GET YOU WHERE YOU NEED TO GET WITH YOUR STORE I AM OVERLY THANKFUL AND IMPRESSED WITH THE ASSISTANCE AND KNOWLEDGE I HAVE BEEN PROVIDED FOR THIS STORE IT HAS BEEN SO EASY CLOVE WAS VERY HELPFUL TODAY ASSISTING ME WITH ADDING TEXTING TO MY ITEMS FOR CUSTOMERS TO ADD ON ...,true
MMS-promotional-products,5 out of 5 stars,"June 9, 2025",Really good app for customizations and tiered pricing. I had some questions and the support team was great at helping me through their chat. My problem was solved quickly. Would definitely recommend it.,true
Birdie Clip,5 out of 5 stars,"June 9, 2025","Clove - one of Easify's customer support reps, just helped me out tremendously! I was struggling to figure out how to do a few things and she was quick to help me out, she fixed my entire problem without me having to lift a finger. Thank you CLOVE!!!",false
MADEGREY,5 out of 5 stars,"June 19, 2025",Easy to use app with lots of customizations. Ran into some issues but customer support (Jen & Liv) was quick to help :),false
Bee Mine,5 out of 5 stars,"June 9, 2025","o app é incrível, fácil de configurar e usar. o suporte quando preciso é rápido e atencioso. com certeza um app indispensavel em toda loja",true
Kinfolks Cookies,5 out of 5 stars,"June 9, 2025","Installed the app and ran into a snag but the support technician, Clove, was able to help right away. Kept me informed throughout the entire process as well. Issue (add on products appearing in the cart) was fixed and the app is running smoothly.",true
Nauti Nosh,5 out of 5 stars,"June 8, 2025","Good and thorough solution for adding/maintaining product options. The support team, however, is top notch and the reason for a full five stars. Super responsive to questions/issues!",true
Daisies of the Galaxy,5 out of 5 stars,"June 8, 2025","Well, I had instant helpand support and resolved my question within minutes, and it was on a Sunday! Super easy and friendly, thanks Lich!",true
Scooped Sweets,5 out of 5 stars,"June 8, 2025","Perfect at solving the solutions for my store, offering customer 'pick and mix' style products. Fantastic support team",true
Make Me Magnetic,5 out of 5 stars,"June 8, 2025",Jen has been super helpful in ensuring i am choosing the right plan for me and helping me navigate through,false
Veeflowyoga,5 out of 5 stars,"June 8, 2025",Quick response and immediately helped me with my requirement. Fully recommend,true
That Print Guy,5 out of 5 stars,"June 8, 2025","Had a small issue with placement on my page , Jen from support was very helpful and she got it sort for me very quickly. Great Support.",false
Brand It Essex Ltd,5 out of 5 stars,"June 8, 2025","currently learning the app as it has soooo many possible options and combinations. I would suggest opening a template and seeing what options they have because it helps visualise the possibilities.

When i got stuck i messaged support who are extremely responsive!",false
Memary,5 out of 5 stars,"Edited July 26, 2025",Great support and dev team. The customizing options are amazing!,false
Little Hands Lab,5 out of 5 stars,"June 7, 2025",Anne was super helpful. Very responsive and helped me solve my issue within 5-10 minutes.,true
PosterGoat,5 out of 5 stars,"June 7, 2025","Had a question, was right there to help. So far very happy with this app.",false
bungu,5 out of 5 stars,"June 7, 2025",Satisfied with the app and the customer service. Quick responses and super helpful.,true
Glamlittles,5 out of 5 stars,"June 7, 2025",Exceptional support,true
ESCO Gifts & Awards,5 out of 5 stars,"June 6, 2025",Customer service is phenomenal! I had a question setting up a custom option that would increase the price at a flat rate - they were able to provide me the steps and were able to update their app in my store to have it function the way i wanted. 10/10 would recommend.,true
My Retro Poster,2 out of 5 stars,"June 6, 2025","We installed Easify to manage product options without creating variants and used it for several months. The interface was user-friendly, but the app caused major problems on both the technical and operational side.

1. Checkout bug: option pricing not applied with discount codes

When customers applied discount codes, the extra charge for selected options was removed from the final total, even ...",false
Cape Leather Training,5 out of 5 stars,"June 6, 2025",Clove helped me in a matter of minutes with something I was stuggling with. She gave advice to resolve my issues immediately. Great support!,true
Pompeak Watches,5 out of 5 stars,"June 6, 2025","Using the app as a bit of a work around for multiple product variants, thus not using the app to it's full extent. Clove from the support team has been really helpful in getting things exactly as I wanted. Would recommend.",true
Nick Von K,5 out of 5 stars,"June 6, 2025","Our website was experience a conflict between apps, at first we assumed it was Easify as it was the newest app we installed that was causing the issue. The team at Easify were able to listen to our issue and jump into testing, it turned out it wasn't the Easify app causing the conflict, but the team were able to narrow down the conflicting apps and were able to point us to the right direction or ...",true
Dan's Ice Bar,5 out of 5 stars,"June 5, 2025","Great, easy to use app. Hannie answered fast and was very helpful.",true
Baker Family Woodcrafting,5 out of 5 stars,"June 5, 2025",,true
Beside Me Always,5 out of 5 stars,"June 5, 2025","amazing app and amazing service, very easy to use compared to other apps, i tried 3 before i found this one and none of the others worked properly, this app is amazing for customised options. I had an issue where my images were the wrong shape so couldn't get them to turn into circles, i contacted support and they custom coded an extra bit in to save me editing 36 of my images to the correct size ...",true
Odie's Pantry,5 out of 5 stars,"June 5, 2025",Thank you Clove for the clear how-to-do video approach. It was very frustrating that the other apps teams try to explain via words. I got my product listing up very quickly!,true
My Store,5 out of 5 stars,"June 4, 2025","Mari addressed my issue and fixed it straight away, keeping me in the loop the entire time. I'm very grateful :)",false
The Game Bunker,5 out of 5 stars,"June 4, 2025",great support team,false
A Little Selah,5 out of 5 stars,"June 4, 2025","I am relatively new to Shopify and needed help setting up an inventory option for an add-on. When I couldn't get that figured out, Lich and Clove from Customer Service walked me through the rest of the steps with videos and quick chat responses. Worth it if you need more variants and options than what Shopify normally allows!",true
FurniFit,5 out of 5 stars,"June 5, 2025","Very flexible app, very good client service. Big pleasure to Lich and Clove for a big help!!",true
alviagioielli,5 out of 5 stars,"June 4, 2025","I've had a great experience with Easify! The apps are easy to use and work perfectly for my store. But what really stands out is the support team – they're always quick to respond, helpful, and really care about solving any issues. I'm very happy with the service and highly recommend Easify to anyone looking for reliable tools and friendly support!",true
TemucoPyme,5 out of 5 stars,"June 4, 2025",,true
ComfyCub,5 out of 5 stars,"June 4, 2025","I’m giving this app a 5-star rating for its outstanding service. The setup was quick and easy I had everything up and running in just about two hours, thanks to the app's intuitive design. The user experience is seamless, and I was able to customize fonts, colors, buttons, and more to perfectly match my website’s style. There was a small hiccup, but Daisy and Clove from the support team were ...",true
My Store,5 out of 5 stars,"June 4, 2025",Tracy is really helpful she helped me fix some problems of translation,true
Sequoia Nut Butter,5 out of 5 stars,"June 3, 2025",i needed help with updating my packing list & Liv helped me get it resolved super quick!,true
Mijn winkel,5 out of 5 stars,"June 4, 2025","Good app, This app does exactly what I need with the right customization options. Also quick help from the team.
Clove and Lich helped me very good and fast with making some things work on the website.

Definitely recommend this app! 5 stars, would give more if I could.",true
AGM Premiums Plus,5 out of 5 stars,"June 3, 2025","We've migrated our product options from a different, popular app and so far have enjoyed the experience. The app has a very clean and easy-to-use interface. I was able migrate all of our product options over without having to read any guides or documentation.

Whenever a question or issue has come up, their live chat support has quickly addressed the issue. Liv has helped me on multiple occasions ...",true
mylittle.craftitude,5 out of 5 stars,"June 3, 2025","It has some very amazing features. It's just the system issue, i would say it's a little bit retarded. Anyway, overall it's pretty helpful. Good customer service, way better than complicated and cold instructions files. Jen & Clove helped me a lot!",true
Presents2give,5 out of 5 stars,"June 3, 2025","Easify gives us the flexibility to offer a wide range of product options on our Shopify store, making it easy for customers to personalize their orders. The platform is user-friendly, and the support team is outstanding. We had a small issue, but Tracy helped us quickly and effectively. Highly recommend!",true
COCO LENI,1 out of 5 stars,"June 3, 2025","Tried this app hoping it would simplify product options, but it fails to update add-ons or custom options when variants change — a basic requirement. Spent a lot of time troubleshooting with no resolution. Support was slow and not helpful. Other glowing reviews seem suspicious, considering how unreliable the app is. Wouldn’t recommend.",true
Smiling Canvas,5 out of 5 stars,"June 2, 2025",,false
CUZEZ.com,5 out of 5 stars,"June 2, 2025","I had a lot of details and options to add to my customizations and although I didn't find that super easy to navigate on my own, the customer service has been impeccable! I have worked with several reps who have been very helpful, and today Clove knocked it out of the park with her quick & precise solutions, completely understanding my needs and executing them with perfection. I am very grateful ...",true
PRINT AS LIFE,5 out of 5 stars,"June 2, 2025",Ich danke Tracy für Ihre unglaubliche schnelle und kompetente Unterstützung. Sie hat mein Problem wirklich schnell gelöst und mir meine Arbeit sehr erleichtert.,false
The Sweet Gift Company,5 out of 5 stars,"June 2, 2025",Very helpful tech help - great app,false
Koski´s Parfum,5 out of 5 stars,"June 1, 2025","Die Mitarbeiterin LIV ist ein Traum,Sie hat mir geholfen sehr schnell und Problemlos... Vielen Dank LIV",false
Wolf Creations,5 out of 5 stars,"June 1, 2025",Had a very nice conversation with their customer service people via chat. They were able to resolve the small issue I had with adding custom product options to my product page template in the correct place in no time.Thank you so much Liv.,false
PANDA PROJECT,5 out of 5 stars,"June 1, 2025","5 star service from Lich, helped me get a custom text box on 1 single product and made it easy from the start! great app too from what I've seen so far :D",true
Aurelia Liora Creations,5 out of 5 stars,"June 1, 2025",great app and even better support. Thank you!,false
JZ Ledermanufaktur,5 out of 5 stars,"June 1, 2025",,true
AK Custom Goods,5 out of 5 stars,"May 31, 2025",Incredible support and highly functional app once you get comfortable with it. Highly recommend!,false
Plaque Connectée,5 out of 5 stars,"May 31, 2025","Application très utile pour mon activité et excellent support de Jen ! Merci beaucoup, vous êtes au top.",true
TICO,5 out of 5 stars,"May 31, 2025",mega support,true
Recovery Reminder Wrist Bands,5 out of 5 stars,"May 30, 2025",Lich was excellent and was very helpful. My problem was solved in no time!,false
Macaria,5 out of 5 stars,"May 30, 2025","I love this app, it's very intuitive, easy to use, and has many options to offer customization in your store.",false
Ginias Sweet Treats,5 out of 5 stars,"May 30, 2025",,true
LAPP Romania,5 out of 5 stars,"May 30, 2025",Excellent app with plenty of customization options for your store. It’s been incredibly helpful!,true
Jolis Amours,5 out of 5 stars,"May 30, 2025",,true
Anro Shops,5 out of 5 stars,"May 30, 2025",,true
BEL Furniture,5 out of 5 stars,"May 30, 2025",,true
Handlevat,5 out of 5 stars,"May 29, 2025","I had some trouble understanding how the app works, but thanks to Liv, everything became so much easier. She was very patient, polite, and professional. She took the time to explain everything clearly and went above and beyond to help me understand. I really appreciate her support! The support through chat was also very fast, which I really appreciated. I hope the app continues to improve and ...",true
Pleione Creative,5 out of 5 stars,"May 29, 2025",This is a great app! Tracy was very helpful and prompt with the issue I was having and provided excellent customer support. I was able to add the inputs I needed to my product pages and customize them to match my theme.,true
Chachastudio®,5 out of 5 stars,"May 29, 2025",Very good Helpful Service,true
Secret Stones,5 out of 5 stars,"May 29, 2025","I'm very thankful. Everything is working great, and the support has been incredibly helpful and professional.",true
The Contresens,5 out of 5 stars,"May 29, 2025","Great experience so far! They have a large array of templates to choose from and the integration into my stores layout has been very smooth. Had a few questions and they were prompt to answer it via their chat function. I ended up having a slightly more complicated issue and the dev team was quick to respond within the 24-48 hour time frame, which ended up being about 1.5 days which is for IT ...",true
My Training Shop,5 out of 5 stars,"May 29, 2025",Easify options has proved to be just what was needed for my business to function online. Customer support at the ready too! - thanks so much,true
CustomClothes.pl,5 out of 5 stars,"May 28, 2025","great configuration possibilities, and support even better.",false
The Ark Market,5 out of 5 stars,"May 28, 2025","Amazing! I had to ask for assistance in regards to the layout of fields I needed. Clove was straight onto it and asked the dev team to add some custom code to my theme - and now it works like a charm!

Many thanks!",true
Nehon,5 out of 5 stars,"May 28, 2025","Love the app, really easy to use, and fast support",false
Kōkōlab,5 out of 5 stars,"May 28, 2025","Veloci e professionali, mi sto trovando molto bene con tutti gli operatori. Grazie per risolvere il problema con velocità e professionalità.",false
Prozente Momente®,5 out of 5 stars,"Edited September 5, 2025","The app is absolutely perfect for offering personalized products! It's user-friendly and offers exactly what I was looking for. Whenever I encountered an issue, the support team responded immediately—especially Clove, who's always there when you need help. She does an outstanding job! Highly recommend! Clove is awesome.",true
Rosanbella,5 out of 5 stars,"May 27, 2025",,true
BloomThis MY,5 out of 5 stars,"May 27, 2025","Awesome Product with Even Better Support
I really like this product, but what makes it stand out the most is the support team. Anytime I run into an issue, they’re super quick to respond and fix things. I also love how they take the time to ask questions and really understand what’s going on before jumping to a solution. It’s clear they actually care, and that makes a huge difference!",true
Umbratec-System,5 out of 5 stars,"Edited August 13, 2025","Sehr sehr kompetente und sehr schnelle Hilfe. Der Konfigurator passt gut für die Auswahl unserer maßgefertigten Produkte.
Special Thanks to Tracy and Liz and the others",true
Tierurnen Sunset,5 out of 5 stars,"May 27, 2025","Super support, trotz einiger technischer Schwierigkeiten",true
Rufford's Country Lifestyle,5 out of 5 stars,"May 27, 2025",Simple to use and the support was excellent - fast and direct EXACTLY what was needed - The product was easy to implement and works as it should.,true
Tommy Tomato,5 out of 5 stars,"May 27, 2025",The App works really well as a solution for a gap in Shopify funcionality. Tracy was really helpful when I hit an issue (my fault) and solved it for me super quick,true
Christcolor,5 out of 5 stars,"May 26, 2025",best support team ever. Friendly UX. Highly recommend,true
Electric Pedal Power,5 out of 5 stars,"May 26, 2025",I was amazed at how quick my questions were understood and responded to from Charles. The support from this app has been great and seems to have all the answers,true
TMF Cake Designs,5 out of 5 stars,"May 26, 2025",Very fast in responding and easy steps to follow.,true
Honey May Collection,5 out of 5 stars,"Edited August 31, 2025","Anne from easify answered all my questions, this app has helped run my small embroidery business with variants sooooo easy!",true
Party Balloon Studio,5 out of 5 stars,"May 25, 2025",Anne was great and helpful with solving my problem. I love that easify makes its easy for my customers to order balloons from my shop online.,true
KrazyCupDesigns,5 out of 5 stars,"May 25, 2025",,false
Robumi Lifestyle,5 out of 5 stars,"May 25, 2025",Am considering using the app after helpful advise from Hannie. It seems as one of the most affordable ways to have product links for swatches and has quite some additional features.,true
Laser Life Design,5 out of 5 stars,"May 25, 2025",Easy to use and highly recommend!!!,false
Melodyni,5 out of 5 stars,"May 25, 2025",Efficace et rapide !,false
MUUDY STUDIO,5 out of 5 stars,"May 25, 2025",Its really good! lots of options and the team is really good with help. Anne helped me with all my questions.,false
RK Threads,5 out of 5 stars,"May 24, 2025",insanely good support - people creating apps should use this app as the gold standard.,true
Aug Leather,5 out of 5 stars,"May 24, 2025","I’ve tried many apps, but I chose this one because the support staff were incredibly enthusiastic and available 24/7 to help with the setup.",true
UK Print Shop,5 out of 5 stars,"Edited May 26, 2025",5 stars all the time the customers support . they help you every time . perfect app . 5 star :X,true
Cherish Jewel,5 out of 5 stars,"May 24, 2025","Easify Options are the best. This is the only app that can connect to Shopify product Variants for conditional formatting. 'Jen' is the best in customer service, really appreciate.",false
XTND,5 out of 5 stars,"May 24, 2025",Very helpful support by Anne. Thanks for your help.,true
Chéries Apparel,5 out of 5 stars,"Edited May 25, 2025",Clove was very helpful & fast response in helping me navigate the app functions. The rest of the team including Violette was also very helpful and making sure Easify app is up to date within our shopify store to utilise the helpful function.,true
Thank God for Pastries,5 out of 5 stars,"May 23, 2025",I was helped so well! Hannie is awesome :),false
KojasPrintShop,5 out of 5 stars,"May 23, 2025",Great Experience with great custmer support,true
Cassel's Sports & Awards,5 out of 5 stars,"Edited September 5, 2025","Easify Custom Product Options has been vital to our revamped website. On our previous site, but had to resort to some annoying ways to get our pricing close to what we charge in-store. Now that we've moved to Shopify, this app has allowed to charge exactly as we would in-store, making for much better consistency in pricing. Anne, Jen, and Liv have also been very helpful when I've had questions. ...",true
DODO DEER Watch Store,5 out of 5 stars,"May 23, 2025",,true
Mama-Roo Embroidery,5 out of 5 stars,"May 23, 2025",Absolutely fantastic support. super quick to reply and action! very pleased with this app and the support. thank you,false
Handcrafted by Bel,5 out of 5 stars,"May 23, 2025",The customer service is excellent! I have needed them twice now because I am learning and they have helped me each time. Highly recommend this app.,true
Jahanara Jewels,5 out of 5 stars,"May 23, 2025",Great support team!,true
Floczone,5 out of 5 stars,"May 23, 2025",Mari ma aider parfaitement !,false
Pininfarina Hybrid Watches,5 out of 5 stars,"May 23, 2025","5 Stars – Outstanding Customer Service!
I've been using the Easify app for my Shopify store and couldn’t be happier with the experience. The app itself is intuitive and works seamlessly, but what really stands out is their top-notch customer service. The support team is incredibly responsive, patient, and goes above and beyond to ensure everything runs smoothly. I had the pleasure of working with ...",true
LaserGraver,5 out of 5 stars,"May 22, 2025",Liv was super quick in helping me get my settings correct to get the functionality I needed!,false
The Stitch Horse,5 out of 5 stars,"Edited May 26, 2025","This app so far is quite good. I am still trying it out. Tech support has been great, a few small issues that they helped me iron out. Thank you!",true
KibbleScoop,5 out of 5 stars,"May 22, 2025",great app! very responsive support team. Tracy helped resolve the issue I came across. Very happy so far!!,true
FlyingEyesOptics,5 out of 5 stars,"May 22, 2025","This is a wonderful app! The amount of customization allowed makes it easy for anyone to create product options, and is easy to use by customers.

Also, the customer support team is always on it and helpful. I had some questions and Hannie was able to help me find all of the answers within minutes!

I would definitely recommend this app to any shopify store who needs some easy customization of ...",true
Prints By Paws,5 out of 5 stars,"May 22, 2025",Clove really helped in quickly resolving an issue I was facing. 10/10 would recommend this app!,true
Zivara,5 out of 5 stars,"May 22, 2025",,true
My Store,5 out of 5 stars,"May 22, 2025",I am happy how Liv helped me setting up app features.,false
Rosetta Roasting,5 out of 5 stars,"May 22, 2025",the product and the support team are literally the some of the best i have ever dealt with. Every issue i have had to deal with they have taken care of in short order they are amazing.,true
Whimsy,5 out of 5 stars,"May 22, 2025","Fantastic app that works perfectly. What truly sets this apart is the exceptional customer service. The team is incredibly efficient and competent, the best I've experienced. Any issues are resolved in minutes. Highly recommended!",false
Goomesh,5 out of 5 stars,"May 21, 2025",good,false
packoutcampers.com,5 out of 5 stars,"May 21, 2025",Liv was very helpful in fixing my issues. The variant selections Easify adds have made my product more customizable.,true
My Store,5 out of 5 stars,"May 21, 2025","Anne, Daisy, Violette, Hannie, Charles, Liv helped me a lot! Also thank you to developers too!",false
Vancity Vanlife,5 out of 5 stars,"May 21, 2025",Excellent app. All the functions you could need in one. Clove was FABULOUS!!!,true
Hollis,5 out of 5 stars,"May 21, 2025","Clove is amazing!!! She 100% helped me figure out what I needed even when I didn't know what I needed! Thank you, Clove!",true
The Village Wick,5 out of 5 stars,"May 22, 2025","I had a few questions setting up my pricing structure, so I started chatting with Clove from Easify. She sent me a couple videos so I could easily view what I should be doing. It was great!

Later, I had issues setting up images to my options.. It was an easy fix after Hannie helped me!",true
Angelus Direct,5 out of 5 stars,"May 21, 2025","If you sell custom products with a massive list of options like we do (130+ color choices), Easify is a game-changer. It's hands down the only app we’ve found that actually presents all our options in a clean, intuitive way that looks great for the customer.

We use it for mix-and-match, bundling, and full customization and it just works. No clunky layouts, no confusing setup. It's boosted our UX ...",true
Groupe Royalty Portes et Fenêtres,5 out of 5 stars,"May 21, 2025",Probably the best support you will ever get from a shopify app. Had a guy charging me 900$ for the change they did for free,true
SLIMJACK,5 out of 5 stars,"May 21, 2025",Great options and a great support team. They helped me very quick with setting up the app and fix some bugs. Thank you to Liv from the Supportteam! :) I would rate this app 10/10. :),true
Chellibe Studio,5 out of 5 stars,"May 21, 2025","Vielen lieben dank für diese tolle App, der Kundendienst ist einer der besten die ich die letzten Zeit hatte. Innerhalb 15min war mein Problem behoben DANKE DANKE DANKE <3",false
JoJo Co.,5 out of 5 stars,"May 21, 2025",The Customer Support at Easify is excellent! They are so helpful and get things resolved really quickly. Thanks Clove for helping me out today with a problem that occurred after we updated our Shopify theme :-),true
Magilie,5 out of 5 stars,"May 21, 2025","Ottima app mi serviva per giungere opzioni alla scheda prodotto, le opzioni sono innumerevoli, la consiglio vivamente!",true
"Designer Little, INC",5 out of 5 stars,"May 21, 2025",Great customer service. Replied quickly and helped me sort out an issues i had on the spot. Thanks Clove!,true
HoutParadijs,5 out of 5 stars,"Edited June 9, 2025","Fijn werkende app, en super snel en goede service",true
Vaurox,5 out of 5 stars,"May 20, 2025",,true
My Store,5 out of 5 stars,"May 20, 2025",Just enquiring at this stage about the functionality and Tracy answered all my questions very swiftly. She even provided supporting documentation. Very happy.,true
Z3D Shopify,5 out of 5 stars,"May 20, 2025","Excellent module !
Le service support réponds toujours rapidement et trouve souvent la solution.
Bravo à vous.",false
Frolicksy,5 out of 5 stars,"May 20, 2025",Very fast support response and easy to understand instructions! As a Shopify newbie this is really a gamechanger!,false
Whimsy DIY Studio,5 out of 5 stars,"May 19, 2025",Tracy was awesome in supporting me with a challenging issue. Her response was fast and she is super knowledgable. I'm just getting started on Shopify and they are making it easy to build my site just the way I want it!,false
Mirgraph,5 out of 5 stars,"May 19, 2025",Great support! This app is so far the best and easy to use for custom products. I'll keep using this application.,true
SULFUR STUDIO,5 out of 5 stars,"May 19, 2025",Lich was amazing resolved my problem in seconds !,true
DirectLeadStore,5 out of 5 stars,"May 19, 2025","I really like how this app is made. They make it easy to integrate a from into your shop with ease.

Lich, was able to assist me with conditional logic as well and was very prompt in their responses",false
ANKORA™,5 out of 5 stars,"May 19, 2025",Liv) desteği 10 numara çok memnun kaldım,false
Morris & Mole,5 out of 5 stars,"May 19, 2025",Only recently started using this app but it's good so far. Customer service from Jen was very helpful and quickly fixed an issue I was having.,true
PosterJunkie,5 out of 5 stars,"May 19, 2025",Anne helped my greatly with my question for some custom work. They did it swiftly and everything works great now.,true
kalisa,5 out of 5 stars,"May 19, 2025",helpful and supportive,true
SimsHQ.com,5 out of 5 stars,"May 19, 2025",Thanks Anne and team for providing a great service and customer support !!,true
MyMachineWorld,5 out of 5 stars,"May 19, 2025","I was trying to decide which option picker was the best, and I think this one offers great overall value! It's easy to customize, supports tooltips, hovers, and even links to other products. I did encounter a small issue when I didn’t realize I needed to add the app block to the product page, which caused it to appear in a weird spot. However, Clove was incredibly helpful and patient in working ...",false
Tornasol,5 out of 5 stars,"May 18, 2025",Awesome support and great app to personaize,true
Chubby Bunny Co,5 out of 5 stars,"May 18, 2025",Quick customer support. answered within minutes and was very helpful. Thank you :),true
NORMIE,5 out of 5 stars,"May 18, 2025",Very good experience with App working . And very good support from team specially from lin,false
The Dog Tag Co,5 out of 5 stars,"May 18, 2025",Excellent help! Fixed the issue immediately.,true
Busy Ferns,5 out of 5 stars,"May 17, 2025",Liv was so great to work with! Helped me immediately!,true
Perfetto Alfaiataria,5 out of 5 stars,"May 17, 2025",Easify is a great app for those who want to offer highly personalised products. The support team is very responsive to help resolve any issues you might experience. Anne was quick to respond and helped us fix an issue we were having in our website. Highly recommended!,true
My Store,5 out of 5 stars,"May 17, 2025","The app is easy to understand and edit. The support is amazing they helped me and solved the problem in a short matter. Lin was my support, she helped me to solve the problem. She was very kind and helpful. Recommend everything!",false
SHANZU GLOBAL SHOP,5 out of 5 stars,"May 17, 2025",Customer service responds promptly，thanks Lin,true
Craftons,5 out of 5 stars,"Edited August 21, 2025",Easify Product Options is such a great app and fantastic customer service. Highly recommended A++,true
CookiesByDesignProd,4 out of 5 stars,"May 16, 2025",Daisy was very helpful with helping me find a solution of dynamic options.,true
Better Call Moll Craft Shop,5 out of 5 stars,"May 16, 2025",Just getting stared but really appreciate the quick help so far with Liv :),true
LD,5 out of 5 stars,"May 16, 2025","App is very easy to use, and has a ton of options! Makes my shop look very neat and clean while giving my customers the ability to select all the options they desire! Clove was a great help when I contacted for support, very kind, and support was very fast too!",true
Darželiuimokyklai.lt,5 out of 5 stars,"May 16, 2025",Super app. Very good and fast support. THanks.,true
IBKÜL,5 out of 5 stars,"May 16, 2025","Easify is an excellent app that offers a seamless, intuitive experience. The customization options for product pages are fantastic, allowing for a high level of personalization to match your unique needs. The customer support team is top-notch—responsive, helpful, and always available to assist. Whether you're looking to enhance your product page or need support, Easify makes the process smooth ...",true
I'm Getting Married,5 out of 5 stars,"May 15, 2025",app is useful and helpful. Customer Service is also great.,true
CARDSandBANNERS,5 out of 5 stars,"May 15, 2025","This app is excellent, and the support team is both wonderful and helpful.",false
Baked Cravings,5 out of 5 stars,"May 15, 2025","App works as described, great customer service. would def recommend.",true
My Store,5 out of 5 stars,"May 15, 2025","I am finally able to comment, and I am very happy to use this app. I have received help from many members of this team, such as Charles, Clove, Tracy, Liv, Daisy, Anne, and so on. Their team really has a lot of people, so there may be some names that are not mentioned. They all did their best to help me and replied quickly. By the way, many of the features of this app are quite good, but for the ...",true
Special Creations,5 out of 5 stars,"May 15, 2025","Ik gebruik Easify al langer en ben echt zeer tevreden over de app. Alles wat ik wil en nodig heb voor een goede duidelijke webshop heeft Easify in huis. De service is perfect, als je een idee hebt of er mist een functie dan gaan ze hier ook daadwerkelijk mee aan de slag. Echt super!",true
HYGGE Kids & Nordic Living,5 out of 5 stars,"May 15, 2025",ottima assistenza e ottima app!!!!!,true
IM OLOLA,5 out of 5 stars,"May 15, 2025",Quick replies and kindly solved my problem. I like the variety of features.,true
Abeja Bella Limited,5 out of 5 stars,"May 14, 2025","This app helps bootstrap your Products and PDP ordering with easily configured option-sets, saving weeks and months of development work. We needed something that blended well and had a lot of flexibility by variant, and being able to tag a product with a keyword to show these option sets works really well for our product maintenance.

I appreciate the amazing support from Charles recently in ...",true
MAVÌ CREAZIONI,5 out of 5 stars,"May 14, 2025","Outstanding support, they helped me and fulfilled all my requests",true
ry-ze,5 out of 5 stars,"May 14, 2025","We recently integrated Easify Custom Product Options into our store and the experience has been phenomenal! A big shoutout to Clove from the support team — she was incredibly supportive, prompt, and went above and beyond to help us resolve a technical issue quickly and efficiently. Her guidance made the whole setup process smooth and stress-free.

What impressed us even more was the immediate ...",true
Complex CN Shop,5 out of 5 stars,"May 14, 2025",easy to use and super helpful CS - Clove.,true
LexarPrints,5 out of 5 stars,"May 13, 2025",Support was super helpful in getting my engraving options setup the way I wanted. 10/10,true
Bonanza Sleep,5 out of 5 stars,"May 13, 2025",Easify is one of the best app out there. Their Support Team is so fast and always solves issues in top priority. Especial Thanks to Hannie for solving my issue. Recommended 10/10,true
Precious Plastic New York USA,5 out of 5 stars,"May 13, 2025","Excellent service, thank you for the support",true
SWAN,5 out of 5 stars,"May 13, 2025",thank you to cassie who is very helpful and responsive,true
FULLCOLOR ALCHEMIST,5 out of 5 stars,"May 13, 2025",Liv was very kind and understanding. She shown me her own initianitves for a problem which I couldn't fix. Not just support but also friend like. I love that. Thanks again,true
Lunar Artefacts,5 out of 5 stars,"May 13, 2025","Just started with the app, seems like theres so much you can do with it! Been trying to get my head around all the options, talking to Clove from their support team who has been very helpful!",true
Italiano Stucco,5 out of 5 stars,"May 13, 2025","works great, I can use with different products and create different templates, I use colour swatches plus my own images too",true
R&R Bagels,5 out of 5 stars,"May 13, 2025",I had a fantastic experience with Liv! She provided great support while helping me troubleshoot and solve some bugs. Her knowledge and patience made the process much smoother. Highly recommend her assistance!,true
Rich & Thirsty,5 out of 5 stars,"May 13, 2025",This app can be difficult to navigate especially at first but Daisy helped me tremendously. She spent hours helping me out and making sure I understood everything—giving me step by step instructions. Very helpful and professional. Charles also helped me and was quick and precise.,true
Furqaan Bookstore USA,5 out of 5 stars,"May 12, 2025","Great app and amazing support!
Had a great experience with this app—support is super helpful, quick to respond, and really goes above and beyond to help.",true
Poured Goods,5 out of 5 stars,"May 12, 2025",Great customer service and help with integration. Made it very easy. Thank you.,true
Wishifyy,5 out of 5 stars,"May 11, 2025","Lin was incredibly helpful and responsive.
She was very polite and took the time to understand and solve my issue. I really appreciate her support and dedication!",true
PLR Design,5 out of 5 stars,"May 11, 2025",Wir stellen Individuell gestaltbares Autozubehör her. Mit sehr vielen verschiedenen Optionsmöglichkeiten. Mit Easify konnten wir alle Arten und verschiedene Optionfelder recht einfach und schnell Umsetzen. Der Support meldet sich auch super schnell. Wir empfehlen es aufjedenfall weiter,true
The Junk Girls,5 out of 5 stars,"May 10, 2025","Awesome App! Just what we were looking for. Took me a minute to navigate, but they were totally available with answers and links. Highly recommend!",true
Political Leftist Tees,5 out of 5 stars,"May 10, 2025",Hannie was terrific in soling my problem.,true
Wandering Spirits Retail,5 out of 5 stars,"May 9, 2025",I have quite a big of experience with Bundling Apps and this is perfect for folks that want to have purchases come in under a single cart item. I contact them about an issue I had with my theme work and they fixed in one business day. Great service!,true
pkdotbiz,5 out of 5 stars,"May 9, 2025",Easify is great! The app has the features we need to add more customization to the products in our store. It's easy to set up and work with. Best of all is the support team. They are very responsive and quick to help with any issues. Liv was able to help me resolve my question within minutes. Highly recommend!,true
Bloom,5 out of 5 stars,"May 9, 2025",Very good app. Daisy was super friendly and solved any problem i had immediately. Recommend her :D,true
Miutic Print Studio,5 out of 5 stars,"May 9, 2025","This app is excellent for selling personalized products! It offers intuitive features that are easy to use, even for those without technical experience. Product customization is quick, and the previews look great.
The most important aspect for me was the customer support — the team responds promptly with clear and effective solutions. It’s clear they truly care about their users' needs.
I highly ...",true
Fortier Family Budgets,5 out of 5 stars,"May 8, 2025",Charles was absolutely amazing! Shopify has been very difficult for me and this app and their support was so incredible that I learned how to add personalization to my products! It was absolutely incredible and I couldn’t ask for anything better to make my store a success!!,true
Flags Importer,5 out of 5 stars,"May 8, 2025",Anne & Clove have been very helpful in making some custom adjustments for me,true
Louis Jewels,5 out of 5 stars,"May 8, 2025",Great support. Thanks!,true
Création by Syl'la,5 out of 5 stars,"May 8, 2025","Cette application est très bien pour créer des personnalisations (couleur, photo, typographie, options...)même si l'application est en anglais ce n'est pas très compliqué à utiliser.
La collaboratrice a été très réactive et d'une grande aide concernant la mise en place de mes personnalisations. Merci pour votre aide.
Je vous recommande Easify Custom",true
Bathrooms Online,5 out of 5 stars,"May 7, 2025",,true
Valhalla Bakery,5 out of 5 stars,"May 7, 2025",Easify allows the products on our Shopify website to have so many options. This allows customers to customize their orders. Easify is easy to use and the support is amazing. Highly recommend!,true
Singular Leather,5 out of 5 stars,"Edited September 3, 2025",Muito prático e completamente personalizável.,true
Frida's Wollhaus,5 out of 5 stars,"Edited June 20, 2025","Diese App ist einfach nur perfekt! Für mich als Laien ist sie nicht ganz so leicht zu verstehen, aber der Support hilft mir jedesmal super schnell. Danke an Clove, Liv, Anne und Tracy...ihr seid spitze!",true
SewTrain,5 out of 5 stars,"May 5, 2025",Charles is very knowledgeable and courteous. He assisted me with setting up my web page. He helped me so much.,true
KONZUK,5 out of 5 stars,"May 5, 2025","So far, working with Easify is just that, easy. Their technical support—shout out to Lichi—is incredibly accommodating and responded right away.",true
Evergreen Clothing,5 out of 5 stars,"May 4, 2025","Great app, simple to use and ticks all of the boxes for what we required.",true
CNOJ,5 out of 5 stars,"May 4, 2025",you guys are awesome!,true
Sweet Bella Bags,5 out of 5 stars,"May 3, 2025",great app and wonderful prompt support,true
RibbonAndKnot,5 out of 5 stars,"May 2, 2025","Must have app for small shops. As a handmade small shop, I try to avoid paying any third party apps, this one has been very good to get all my listings the way I want and allow my customers to select what they want without hassle. The support team is very responsive to any bugs or issues encountered.",true
Balanced Body Contrology,5 out of 5 stars,"May 1, 2025","There is so much flexibility with this app! Just when I think there's a roadblock, Easify has a solution. Their team is super responsive and incredibly helpful. Love this app!",true
shoptrueascend,5 out of 5 stars,"May 1, 2025",This product exceeded my expectations and the support staff is so helpful with customization. I highly recommend this app!,true
The DTF Market,5 out of 5 stars,"May 1, 2025",,true
Healthy Homes Atlanta,1 out of 5 stars,"May 1, 2025","Good support

God Near UNUSABLE -

You cannot save the simplest the edit or revision without waiting 10 mins - refreshing - and then doing it again.

Every time I use this app (when it works its good) I end up wasting an entire 10 hours to make one subset",true
Katch Design Studio,5 out of 5 stars,"April 30, 2025",VERY EASY TO USE. ENHANCED MY CART OPTIONS. LOOKING FORWARD TO GROWING SALES.,true
Khryssy,5 out of 5 stars,"Edited May 7, 2025","I just started using Easify, but from what I've already experienced, I absolutely love it! I've had to reach out a few times, but everyone is so pleasant and easy to work with. Daisy, Anne, and Clove were super helpful. So glad I found this app. I would recommend this to anyone who needs product variants!",true
Petsonalise,1 out of 5 stars,"April 30, 2025",This app will affect the display of prices on the website. It will take 1-2 days to fix it. Objective evaluation.,true
Reelken,5 out of 5 stars,"April 29, 2025","excelent app and excelent support, fast answers from theyr support team. I recomand this app.",true
The Carrick Bend,5 out of 5 stars,"April 29, 2025","This app has added a ton of flexibility for me to be able to offer custom products with many different variables. I ran into an issue with the pop-ups (likely due to some changes in the Shopify code), and Clove jumped in immediately and resolved the problem!",true
Shufizoo,5 out of 5 stars,"April 29, 2025",Recommended app with great customer service. Highly recommend.,true
PLISSÉ London,5 out of 5 stars,"April 29, 2025",,true
ZEEHOO,5 out of 5 stars,"April 29, 2025","Extremely powerful features, friendly customer support advisors — Clove gave me a lot of help with highly efficient communication and resolution.",true
Soft Play 2 You Ltd.,5 out of 5 stars,"April 29, 2025","Does the job, a great way of have a number of options that Shopify doesn't support. The team were a great help and offered incredible support",true
Windrift Woodworks,5 out of 5 stars,"April 29, 2025","Good options, good customer service.",true
MOglie,5 out of 5 stars,"Edited May 6, 2025","Easify Product Options has been a game changing app for our business. It allows us to offer highly personalised products, and it also integrates seamlessly with the Shopify Theme, so it doesn't look like a bolt-on, which the previous Option app that we used did.
There are some small improvements that could be made, and as soon as I mentioned those to the support team, they were on the case. Very ...",true
Optimum Scrubs and More,5 out of 5 stars,"April 28, 2025","Your customer service is great; they help me solve all the problems that I am struggling with using your apps, and they respond quickly. Thank you so much, especially to Clove, the person who assisted me.",true
Painted Petals,3 out of 5 stars,"April 27, 2025",Doesn't work with shop channel hence 3 stars. I make custom wood flowers and customers NEED to be able to select the colors they want for their arrangements. So this is a big kink in my business and I am now forced to look for an alternative for that. Otherwise it's great app and has worked for my site otherwise. Also the support for the app is really excellent. Tracy was great to work with and ...,false
Faith And Love Designs,5 out of 5 stars,"April 26, 2025","Quick helpful response and great app, havent used a lot of the features yet, but so far I am impressed, Daisy was very helpful",true
Polar Bling,5 out of 5 stars,"April 25, 2025",Quick and responsive customer service on live chat!,true
One of us Golf,5 out of 5 stars,"April 25, 2025","Great app. Honestly, you would think Shopify would provide some of these features out-of-the-box. It doesn't. Thank goodness Easify exists. Definitely a must-install if you're building a theme that requires a solid user experience. Highly recommended.",true
Well Woven,5 out of 5 stars,"April 25, 2025","I've had a great experience using Easify Product Options Variant! The app works smoothly and has made customizing product options so much easier. A big shoutout to Violette and Anne from the Easify team – their support has been outstanding. They were quick to respond, super helpful, and made sure everything was tailored perfectly to our needs. Highly recommend!",true
AstorBloom,5 out of 5 stars,"April 25, 2025","I found this plugin really easy to install and set up—it integrated smoothly with my store and didn’t take much time to figure out. It gives you a good range of options for customizing products, like text fields, add-ons, and live previews, which is exactly what I needed.

At one point I had an issue with how it was displaying on my theme, but support got back to me quickly and fixed it within a ...",true
Slide Coffee Roasters,5 out of 5 stars,"April 25, 2025","It's great and there is actually a free plan, not like some others",true
Pipermoon,5 out of 5 stars,"April 24, 2025","Easify is very user friendly and anything you might not be able to figure out on your own quickly, their customer service will step in and assist.",true
All in the Wild,5 out of 5 stars,"Edited April 28, 2025",They were very helpful and quick to respond to our concerns. Excellent customer service as well. Lich and Daisy were very helpful with all of my questions.,true
Laura Sciunnach,5 out of 5 stars,"April 24, 2025",Great app to add personalization options on your products. I had a small issue and the Violette from the support team was great!,true
Uniform Nation,5 out of 5 stars,"April 24, 2025",Wonderful support by CLove.. She had me up and running with the app in no time!,true
Chys Thijarah,5 out of 5 stars,"April 23, 2025",Very good customer service by Tracy. Solved the problem and kept me updated. App has tons of options.,true
Deb & Co. Personalized Christmas Ornaments,5 out of 5 stars,"April 23, 2025","I have tried several apps for personalization in my shopify store. They were all very complicated and I could never figure out how to use them. Then I found easify. It is so EASY to use and straight forward. The support system in great. Anne was very helpful and they answer any support issues you need within just a few hours.
Thanks easify!",true
Ineessance,5 out of 5 stars,"April 23, 2025","I’ve had an amazing experience using Easify. The app is intuitive, flexible, and does exactly what I needed. But what truly made the difference was the support – a big shout-out to Violette, who was incredibly kind, fast, and efficient. She guided me through the setup with patience and clarity. Thanks to her, everything was smooth and stress-free.
Highly recommended!",true
M3 LED,5 out of 5 stars,"April 23, 2025",Had great support from Clove during my set up and we also faced some challenging tasks which Clove solved easily for us. Great support thanks Clove.,true
Atercel,5 out of 5 stars,"April 23, 2025","This is a great tool and I highly recommend it.
The customized product preview function is great and the customer service team provides professional assistance.",true
Wedding Signs,5 out of 5 stars,"Edited July 5, 2025","UPDATE: I had to come back and add to my original review. I recently had a specific issue with how my products and their options appeared in the cart, and the support I received was absolutely top-notch. Clove, from the support team, helped me fix it and went way beyond what I expected to get it looking perfect. This is exactly the kind of service that confirms why this is a 5-star app!

--------- ...",true
Atelier Ars Mundi,5 out of 5 stars,"April 22, 2025",Great app and functionality. Great customer service.,true
Red Plate Powersports,5 out of 5 stars,"April 22, 2025","100% Awesome App & Great Customer Service. Some Features Could Be Added, But Still Deserves a 5 Star",true
Hane Betten & Matratzen,5 out of 5 stars,"April 22, 2025","Great customer support, a feature is not working as it should they will work on it (options based on shopify variants), but Tracy was really helpful to find another solution and custom design also the options!",true
Wholesale Carabiners,5 out of 5 stars,"April 22, 2025",Great app for adding more options to your Shopify products. Easy to set up and customize the options. Easify customer support is quick and responsive to help resolve any issues you might experience. Their whole team has been a pleasure to work with. Anne helped us fix an issue we were having right away. Highly recommend Easify!,true
Pa-Kua Europe,5 out of 5 stars,"April 22, 2025","Very easy to use and with many, many options to set your products!...customer service fast and efficient!....highly recommended!",true
The Ivy Collection | Luxury Wedding Stationery,5 out of 5 stars,"April 22, 2025",A great app easy to use for customised products would definitely recommend. I Had one small issue and Clove fixed it for me straight away. Very happy I found this app,true
Blend & Grind,5 out of 5 stars,"April 22, 2025","Great App. Clove is very kind, and helped me to solve the issue when the options were not showing.",true
Cozy Nest,5 out of 5 stars,"Edited April 27, 2025",Powerful features，and Miss Tracy is nice.,true
ÔMIA,5 out of 5 stars,"April 21, 2025",Parfait,true
BIKEPACKING BAGS | Paper Roads Aotearoa,5 out of 5 stars,"Edited July 1, 2025","Update: 2 months on, I had a slight problem in my backend where Shopify and Easify had a little strange cross over and coding was required for the fix. The team responded on a weekend, got onto it straight away, got into the theme code and did their magic - thank you Mari, Liv, Anne, Charles and anyone I may have missed.

5 stars for service. Got it downloaded and had the first option set, set up ...",true
Dawson Knives,5 out of 5 stars,"April 21, 2025","Great app with lots of handy features. Due to Shopify's inventory constraints I needed an outside way to track the inventory of two separate items that go together but that the customer must choose colors for separately and that the inventory must be tracked separately. This app more than covers that need, as well as other features like changing the product photo to match the variant selected. ...",true
Crateawayco,5 out of 5 stars,"April 21, 2025",Customer Service was fantastic! I needed help adding custom CSS and the dev team did it live in less than 5 minutes. I chatted with Liv - very helpful!,true
Principal Optical,5 out of 5 stars,"April 21, 2025","We have been using Easify for a while now. Seamless and enhances our offering of prescription lenses.

The help received by the team, especially Liv is always appreciated.

Many thanks!",true
Tazgo Nutrition,5 out of 5 stars,"April 21, 2025","Easify is a great app for customizing products on my store. It's easy to use and helps me set up options quickly. The support team is very responsive and solved my issue fast. I hope future updates include features like adjusting width for different devices and cropping images within the app. The design could be improved, but since it's a free version, it's understandable. Overall, it's a helpful ...",true
Creativefy,5 out of 5 stars,"April 20, 2025","They have a great team, their support is excellent",true
thoughtygift.com,5 out of 5 stars,"April 20, 2025","Very good application and many useful tools for POD, very enthusiastic support",true
Lightning Laser Engraving,5 out of 5 stars,"Edited April 20, 2025","We were very frustrated in the beginning, but Tracy was very helpful in helping us resolve an issue we were having.",true
Jewelri,5 out of 5 stars,"April 19, 2025",Lin helped me fix my issues.,true
Revelaê,5 out of 5 stars,"April 19, 2025",Um ótimo app,true
Un Chien Heureux,5 out of 5 stars,"April 19, 2025","The team is top, lots of possibilities and always shows with videos or guides where explanations are well explained in detail. Thank you",true
Lichtmast-24,1 out of 5 stars,"April 19, 2025","Uninstalled this App and still charging?!
They were unable to make it compatible to Pagefly Pagebuilder - even after paying for the programming service.
It left a mess - so we had to uninstall it. Yet they are still charging the monthly fee?",true
Lohengrin Woodworks,5 out of 5 stars,"April 19, 2025",Easy to understand and great customer support. Violette was very helpful and fixed my problem!,true
EKG Designs,5 out of 5 stars,"Edited July 20, 2025",Your customer support staff is fantastic!,true
Sassy N Classy Mini & Me,5 out of 5 stars,"April 18, 2025",Violette was very helpful in getting me set up to hide the new listings created by adding options. Extremely helpful,true
Espace Tissus,5 out of 5 stars,"April 18, 2025",super échange et la solution n'est pas loin j'en suis sure !,true
Noémiah,5 out of 5 stars,"April 18, 2025","Super appli, dont j'utilise la version gratuite, qui est bien plus flexible et riche que bien d'autres du même genre. Merci à Anne, qui m'a aidé rapidement !",true
MotherCroccer,5 out of 5 stars,"April 18, 2025","Wow is all I can say! Unbelievable service from Easify - they made a custom solution for me in a couple of hours, saving me the hassle and money of having to hire a developer to make custom code for the solution I needed to fit my template. I highly recommend.

So pleased with Easify - their customer service is next level!

Thanks Daisy, Anne, Lich and Liv",true
mycharmiz,5 out of 5 stars,"April 18, 2025",Lich and the dev team were top-notch! Thanks again for their speed and time :),true
Basic Precision,5 out of 5 stars,"April 17, 2025","Exceptional Flexibility and Outstanding Support

We installed this program for evaluation purposes, and it has proven to be incredibly flexible — exactly what we needed for our complex technical product. One of the standout features is the ability to dynamically show compatible accessories based on the specific options selected by the customer. This is a game-changer for us. Instead of explaining ...",true
LeiteMelo LLC,5 out of 5 stars,"April 17, 2025","Liv is a great employee. Very collaborative and problem solver. My first impression and experience with Easify was really good mainly driven by his help.
Thanks.",true
A Little Something Gift Shop,5 out of 5 stars,"April 17, 2025",,true
WCFootballSuit,5 out of 5 stars,"April 17, 2025",,true
813 Alignment Tools,5 out of 5 stars,"April 17, 2025","英語⇔日本語で使い方の問い合わせをしましたが、チャットでスムーズに解決できました。英語で問い合わせる必要はあるものの、いまどき翻訳アプリはたくさんあるので、使用方法で迷うことは無いかと思います。
I made inquiries regarding the usage in English and Japanese, but I was able to resolve the issue smoothly through chat. I believe there will be no confusion regarding the usage.",true
Elitecustomtable,5 out of 5 stars,"April 16, 2025",,true
Savvy Wear,5 out of 5 stars,"April 16, 2025",,true
Sym-Tech POS Portal,5 out of 5 stars,"April 16, 2025",Easy to use interface with great customization options. I had an issue with one of the options and customer service helped me out in a timely manner. Would recommend this app to anyone running a Shopify store.,true
Nellys Grannys,5 out of 5 stars,"April 16, 2025",Really good app with many option types. The customer support is also great and fast.,true
OKOKISS,5 out of 5 stars,"April 16, 2025",This app helps a lot! Saves time and easy to set everything,true
Tribe Lacrosse,5 out of 5 stars,"April 16, 2025","""Amazing support! The team was super helpful and resolved my store issue quickly. Highly recommend this app!""",true
NAROSA SWEET PARTY,5 out of 5 stars,"Edited June 20, 2025","Llevo algo más de un mes usando la app y esto conforme por ahora. Hay algunas cosas que mejorar como por ejemplo, que se crean muchos productos paralelos a los propios según que configuración hagas en la app easify, por otro lado tienen algunas cosas pendiente con la traducción de contenido dentro de las opciones de producto.
Por otro lado, el equipo de atención al cliente y soporte es muy amable ...",true
Shop Indoor Golf,5 out of 5 stars,"April 15, 2025",We migrated to Easify from one of Shopify's other popular add-on/option platforms and are very glad we made the change. The app itself is extremely flexible/capable and the team has been very responsive to our questions when support is needed. This app has become a large part of our store experience!,true
The Press Bar,5 out of 5 stars,"Edited June 9, 2025","Super responsive customer support. We're building our small business from the ground up and having Easify in our corner makes it feel like a piece of cake. Thank you to Clove, Anne and the whole team for helping us troubleshoot. No stone has been left unturned with this app - it ticks all the boxes!",true
Bioma Plants,5 out of 5 stars,"Edited July 21, 2025","Tracy did an excellent job customizing something very specific I needed on my site. The response was quick and very effective. This app offers endless options that are essential for success on Shopify! UPDATE: 3 months now using the app. Amazing support, fast and effective.",true
Quinn's Chemist,5 out of 5 stars,"April 15, 2025","Great customer care. I had an issue with the coding and multiple staff members helped me to sort it out. I'd have been a long time trying to fo it on my own, 10/10, would recommend",true
27SECONDS,5 out of 5 stars,"April 15, 2025","Easify is EXCELLENT! We had a few things that weren't working for us and we were shocked at HOW HAPPY they were to help us out with CUSTOM fixes.

We are so grateful as I was pulling my hair out finding an app that would work for our needs.

THANK YOU!",true
Natural Latsyrc,5 out of 5 stars,"April 15, 2025",Always helpful and have found a solution to my issues.,true
LaserFocusedCrafts,5 out of 5 stars,"April 14, 2025",Thanks Lin for your help today!,true
Onesport (UK) Limited,5 out of 5 stars,"April 14, 2025",Very quick to answer and great support experience!,true
Artisan Cakes of Bath,5 out of 5 stars,"April 14, 2025","Great app with really good service backup.
Has allowed us to add easy to understand product options to our stores that have increased revenues.

Would recommend",true
happymaker,5 out of 5 stars,"April 14, 2025",Einfach zu benutezn,true
Jeni's Brownies,5 out of 5 stars,"April 14, 2025",It's brilliant to be able to have so many options. The chat help is fabulous too if you ever need it.,true
Aunt Lo's Supply Co.,5 out of 5 stars,"Edited May 3, 2025","Easify is great and affordable way to customize your listings in just about every way possible. Their customer support is responsive and helpful.

I needed variants to work in a different way, and they let me know they have a beta update they could offer me access to! In a few hours they switched my account over, and I got free early access to some upcoming features.

A+ service and support.",true
Tieri Paracord,5 out of 5 stars,"April 13, 2025","Anne was very helpful, Thank you for the help this evening.",true
Uniqa Jewels,5 out of 5 stars,"April 13, 2025","Excellent customer service.
Lich solved our issue quickly.",true
Enchanted Interiors,5 out of 5 stars,"April 13, 2025",Easy to use app that works well on my website for customisation,true
YarnYummies,5 out of 5 stars,"April 12, 2025","This rating is for Clove from customer support who did great in trying to help me resolve the issue I was having. Though I found out that the app does not currently support what I need under the conditional logic, I would say I am impressed with the quick assistance from Clove and the fact that she understood what I was explaining which was a little tricky to understand if she was not paying ...",true
Artem Legrand,5 out of 5 stars,"April 12, 2025","Using Easify has been a fantastic experience. The platform is smooth, intuitive, and incredibly helpful for managing translations and content efficiently.

Huge thanks to Lin, Clove, Violette, Anne, and Charles—each of you made the process easier with your professionalism and kindness. Amazing team behind an amazing tool!",true
ROSPINS,5 out of 5 stars,"April 12, 2025",Yes. The best product option App with so many thoughtful features.,true
Extended Beauty Bar,5 out of 5 stars,"April 10, 2025",I had an issue with adding add-on products and couldn't quite figure out how it would show up on the checkout...luckily the support team was able to work efficiently to fix/ figure out a solution.,true
Traveling Bags,5 out of 5 stars,"April 10, 2025","Easy to set up, even for this old guy. Works well...
I'm sure there is somethings I could be doing better, overall I'm pleased.
Our setup looks clunky, and I'm unsure how to fix it. But it doesn't bother the customer. We have sold over $6000 in merchandise that we have personalized in just the first couple of months. Definitely making a difference!",true
BW Monastery 吉祥宝聚寺,5 out of 5 stars,"April 10, 2025","I would recommend this ""Easify Product"" to all users ... Their service staff Violete, Tracy was responsive and prompt.
I'm totally satisfied with the whole experience.",true
My Store,5 out of 5 stars,"April 9, 2025",Clove was very helpful with my problem on the browser.,true
BetaCraft,5 out of 5 stars,"April 9, 2025",I am a new user and trying the app. The support is very good and they are helping for all the questions and problems (Thank you Liv),true
Personalized Toothbrushes,5 out of 5 stars,"April 9, 2025",Great service when needed and prompt responce! Definately recommend.,true
Niche by Design,5 out of 5 stars,"April 9, 2025","Customer support member Anne was very helpful, good versatile app",true
KnK krafts,5 out of 5 stars,"April 9, 2025",,true
I Gaming Computer,5 out of 5 stars,"April 9, 2025",,true
ArtTransformers,5 out of 5 stars,"Edited July 10, 2025","Liv was amazing and incredibly helpful during the setup process. After using the app for 2 months, I can confidently say the Easify team is exceptional — always responsive, supportive, and even willing to customize features for my needs. The app is beautifully designed and works flawlessly. Highly recommend!",true
cheapchains.cz,5 out of 5 stars,"April 8, 2025","Great app, i made a mistake setting it up but chat online support Lin helped me and its all good now, thanks!",true
LAFENY,5 out of 5 stars,"Edited May 22, 2025",Really good customer service from Lich the legend,true
Etched In Time Engraving,5 out of 5 stars,"April 6, 2025","This app solved a problem we've been struggling with for 5 years, and without a hefty monthly price that we could never afford as a small business of 3 people. Can't recommend it enough <3",true
Stitched Magnolia,5 out of 5 stars,"April 6, 2025",Violette was quick to respond and made my next steps error proof! Thank you!,true
Wickadoo Candle Co.,5 out of 5 stars,"April 5, 2025",Amazing. This is the easiest app to install and use. No glitches no problems. Just what was promised. Thank you!,true
NUWA Beauty,5 out of 5 stars,"April 5, 2025",Anne was super helpful and solved my problem very quickly!,true
Tres Tigres,5 out of 5 stars,"April 4, 2025",Buena aplicación para poder personalizar productos y mucho mejor servicio de atención,true
Noga Jewelry,5 out of 5 stars,"April 4, 2025",Honestly the best product options app! Great support and customer service.,true
Chel Wear Hockey Boutique,5 out of 5 stars,"April 4, 2025","Great service!
Useful app!
Long trial.
But mostly awesome service",true
Lattes Floral Studio,5 out of 5 stars,"April 3, 2025",,true
SG SF Packs,5 out of 5 stars,"April 3, 2025","Amazing services!!! If I face some issues, Easify would always be there to help me solve those problems.",true
Donaghys Direct,5 out of 5 stars,"April 3, 2025",Great app doing exactly what we need with great functionality. Both Tracy and Anne have been fantastic in assisting us with tweaks we needed,true
Jelly Modern Doughnuts,5 out of 5 stars,"April 3, 2025",Anne helped me sort my issues promptly and provided great service,true
Dowling Catholic Campus Store,5 out of 5 stars,"April 2, 2025","Exactly what I needed to capture specific information for my business. We personalize a lot of items and I needed an easy way to capture the information, add a charge when someone requests personalization and a report I could run that would provide the information left in the personalization field.
Easify made all of the above tasks easy!",true
Gourdaments,5 out of 5 stars,"April 2, 2025",So far this app has been easy to use with a very responsive support team!,true
White Rabbits Design,5 out of 5 stars,"April 2, 2025",,true
NALÍ KIDS,5 out of 5 stars,"April 2, 2025",Me encanta!,true
OH DEER SUGAR,5 out of 5 stars,"April 2, 2025","I needed the app to be altered to suit us, and Clove was extremely helpful and changed it to suit. Thanks so much!",true
Lady Fortunes Inc,5 out of 5 stars,"April 1, 2025","Terrific amazing customer service and took care of my issue right away, after analyzing the problem and going into my store. Amazing and i love the app so far! It is everything i wanted.",true
Rainbow Land LLC,5 out of 5 stars,"April 1, 2025",Simple basic tool that filled the need perfectly. My lack of Shopify knowledge was tolerated and solved well by their support tech Lich via chat. So wasy. Thanks!,true
Patterson Fan Co.,5 out of 5 stars,"April 1, 2025",So far so good! Lin at their Support Team has been more than helpful in getting us set up!,true
AIECHARM,5 out of 5 stars,"April 1, 2025","With the help of Anne and Lin, I successfully ran the custom!",true
Smart Flux,5 out of 5 stars,"April 1, 2025",Support is efficient and fast (Violette),true
Luxe Crunch,5 out of 5 stars,"April 1, 2025",Reasonably priced for the options needed that Shopify doesn't provide. I can now sell my products without the headache of making multiple versions and variants.,true
$how $toppa Co.,5 out of 5 stars,"March 31, 2025",Easy to manage,true
Nostalcart Premium Thrifting,5 out of 5 stars,"March 31, 2025",App is extremely easy to use! Lin from support was extremely resourceful and easy to communicate with when needed for a few tweaks - great assistance! Highly recommended :),true
Cactus Shack Studio,5 out of 5 stars,"March 31, 2025","The Easify app is easy to use and their support team (Anne, Daisy, Lin and Lich) is awesome, helping me fix a theme issue that prevented option sets from displaying.

I have a new store, so the app decisions I make now are important for future growth, and I feel Easify will stand behind their product if any issues arise.",true
Collar Spot,5 out of 5 stars,"March 31, 2025",Clove was great in assisting me with my custom padding request. Highly recommend!,true
BalloonClub,5 out of 5 stars,"March 30, 2025","It's the best app, simple and easy to use.",true
discoveredbydarcy,5 out of 5 stars,"March 30, 2025","We have been using the app for about a year now, and it gives me the flexibility to create really unique and complex listings that my customers engage well with. The support has been amazing for the few small issues we've had, and I'm excited for it to continue developing!",true
Honey and the Hedge,5 out of 5 stars,"March 29, 2025",I started using the app to test out a few options for my website. I used the chat option as I was having trouble viewing the options on the live site. Violette was quick to respond and very helpful in getting me in the right direction,true
MyGarageGolf.com,5 out of 5 stars,"Edited August 1, 2025",Hannie did a fantastic job helping with my questions as I have set up my product options. Very happy with the app and the experience. Couldn't be more pleased overall.,true
Elite Laser Creations,5 out of 5 stars,"March 29, 2025",Easy to install and great for our customers,true
Haftuyemy,5 out of 5 stars,"March 29, 2025",Good service. Lich helped me to adjust options for my shop.,true
Atelier Pegai,5 out of 5 stars,"March 28, 2025","Really great customer service! Hannie, Lich, Violette, and Anne all helped me to fix the problem with the app. In addition, the features of their app are really great!",true
Coveris,5 out of 5 stars,"March 28, 2025","Easy to use, easy to communicate with support, seems conversion rates also are getting better.",true
祈り習慣 | 位牌オンラインストア,5 out of 5 stars,"March 28, 2025",It’s a great app. I also appreciate the quick response from the support team.,true
Etsuka Kimono Fashion,5 out of 5 stars,"March 27, 2025","everything is user-friendly.Easy to navigate. And if I have questions, I can just reach out to live support. They're responsive and helpful too!",true
Port Vale Store,5 out of 5 stars,"March 27, 2025","Really great app, options are brilliant for us and Lin was amazing in getting back to us and making some changes we needed!",true
Dp workwear- Dedicação e Persistência,5 out of 5 stars,"March 27, 2025",5*,true
By Mathis,5 out of 5 stars,"March 27, 2025","Application complète et service après vente au top ! Un grand merci à Violette pour son efficacité, elle m'a aidé dans la résolution d'un petit souci avec ma boutique, et tout fonctionne désormais correctement !",true
I am Nat Ltd,5 out of 5 stars,"March 27, 2025",Loving this app so far for my store. The customer service and support is excellent too. They’re very responsive quick to help.,true
GANG GANG,5 out of 5 stars,"March 27, 2025",SUPER HELPFUL SUPPORT IF YOU EVER GET STUMPED. WOULD RECCOMEND,true
Happy Yellow Paper,5 out of 5 stars,"March 26, 2025","Easy to install, easy to use, and excellent customer service.",true
Kafe' Kaamil,5 out of 5 stars,"Edited July 24, 2025","Quick customer response turnaround time from Jen! Truly appreciate it, thank you so much!",true
Birdie Products,5 out of 5 stars,"March 26, 2025",Could not be happier with the level of support. Thanks again. Product is exactly what we were looking for.,true
Threaded Inspo,5 out of 5 stars,"March 25, 2025","So far, i'm loving the app and the support I received today from Anne. I will more than likely reach out again with questions. Anne was fast to respond.",true
The LoveMade Home,5 out of 5 stars,"March 25, 2025",Easy to use! I had no problem setting it up and adding my listings to it. I have used it for about 6 months with ease. The possibilities for listings are endless.,true
JewelrybyKarenM,5 out of 5 stars,"Edited March 26, 2025","The only issue that I would like to see worked on is having a service where you can have your development team set the app up for the customer who like me, find it difficult to understand the process.
But with that said Violette was a life saver. She had the patience to work with me which is saying alot! She understood your app when others did not. She is a real asset to your company and deserves ...",true
WolfCase,5 out of 5 stars,"March 24, 2025",anne very helpful,true
CROWDEDHEAVEN,5 out of 5 stars,"March 24, 2025","Anne was super kind and professional, she explained everything to me! I can highly recommend this app not only because of the excellent customer service :)",true
Gutterscotch,5 out of 5 stars,"March 24, 2025","So far I love this app! I've also chatted with them a few times and help was instant and very easy and clear. The interface of this app is very cute as well, I wish they were all this cute!",true
Stecker Kraftwerk,5 out of 5 stars,"March 24, 2025","Das Support Team ist stets erreichbar, hilfsbereit und lösungsorientiert. Toller Service. Besonderer Dank gilt bei unserem Anliegen Violette. ;-)",true
Caluma | Move Their World,5 out of 5 stars,"March 23, 2025","La opción gratis es hermosa, definitivamente pagaremos la plus! Podrían hacer algo personalizado para nuestra tienda? Fabricamos columpios para bebes y en muchas ocasiones el cliente nos pide ver como sería el producto con ciertos estampados. Es algo que nos ha limitado mucho. Nos contactan si es posible porfa.",true
Juliet's Bakery,4 out of 5 stars,"March 23, 2025",Very Good!!!,true
Stay Ready Outdoors,5 out of 5 stars,"March 23, 2025",Anne and the Easify team are always easy to work with. They are quick to respond and address any questions or issues that crop up. I needed help with a clean integration into my website for a customization option and they nailed it. I love this app.,true
Art Shop X,5 out of 5 stars,"March 23, 2025","The support is great, i've had some custom work i would like to be changed and it was no problem, fixed it within a day. Great app and functionality to.",true
nrStellar,5 out of 5 stars,"Edited March 24, 2025","Originally rated this app 3 stars after encountering a limitation that I felt was a show-stopper for me, despite this otherwise being quite a good app. But since then, their support team has reached out and offered solutions and personalized assistance that has been great. Really impressed, so I'm upping my review to five stars.",true
Bella Group,5 out of 5 stars,"March 22, 2025",perfect support!,true
Roberta P | Milano,5 out of 5 stars,"March 21, 2025",,true
The Crow's Collection,5 out of 5 stars,"March 21, 2025",Works well so fair. Anne helped me when I had a problem,true
Little Magnets - Schlafanzüge mit Magnetverschluss,5 out of 5 stars,"March 20, 2025",So far I like the app. I just had a question and Anne was very helpful in implementing the changes!,true
HeyBigDay,5 out of 5 stars,"March 19, 2025",Fantastic app with excellent customer service—highly recommended!,true
Healing the Heart,5 out of 5 stars,"Edited May 4, 2025",Tracy did a great job helping me when I was stuck. I should have asked for help sooner. Appreciate your responsiveness. Thank you!,true
Inovativko,5 out of 5 stars,"March 19, 2025",Great app and great support. It is very useful,true
Wick'd D'zine,5 out of 5 stars,"March 18, 2025","This app is so great, inexpensive and does everything I need it to. The tech support is also so great. Just got helped by Anne and super nice working with her.",true
Oimano,5 out of 5 stars,"March 18, 2025","The application is excellent and has significantly simplified my business operations. The interface is intuitive, easy to use, and all features work flawlessly. I would especially highlight the team that assisted me – they are extremely professional, quick to respond, and always ready to solve any issue. Highly recommended",true
Wealth Protector,5 out of 5 stars,"March 18, 2025","Easify Product Options has been a game-changer for our store! It allows us to create unlimited custom product options with ease. The interface is intuitive, and the support team is always helpful. Highly recommended for any store needing advanced product customization!",true
ABCCANOPY,5 out of 5 stars,"March 18, 2025","The team solved my problem quickly and immediately, thank you very much!",true
GummyBuckets,5 out of 5 stars,"Edited August 24, 2025","I am so pleased with the with the help I got from Lich, Anne, Vivienne, etc that were always SO helpful and went above and beyond for me to get things working properly and to answer all my questions. Thanks again!

10 stars to the 24 hour support!!",true
Wall Finesse,5 out of 5 stars,"March 17, 2025","Great experience! Exactly what I was looking for. Also, the support team is very helpful. I needed help 2 times and every time my problem got solved in a 24h. By this way I want to thanks Anne, Lin and Violette for support.",true
Uniforms World,5 out of 5 stars,"March 17, 2025","I'm a big fan of the customization features of this tool, it's extremely easy to use, and the speed with which the aftermarket staff and technicians handle it is very commendable. I replaced two previous tools with this one.",true
Zayak,5 out of 5 stars,"March 15, 2025","It is working really well! And the Support team especially ""hannie"" is a great person and will help with every problem",true
Mis Mur,5 out of 5 stars,"March 14, 2025",Everything is great!,true
Kigfeverclub,5 out of 5 stars,"March 14, 2025",,true
Pixcarve,5 out of 5 stars,"March 14, 2025",OK,true
The Favour Studio,5 out of 5 stars,"March 14, 2025","I previously used Easify for a long period but came away from it due to not having a feature I needed. I’ve now gone back to Easify as they have added the feature and also I struggled to find an app that offers all the options this one does, for a low price and the customer support for Easify is amazing. Violette and the team helped me quickly resolve an issue upon me resetting up my website. I ...",true
Little Lou Customs,5 out of 5 stars,"Edited August 18, 2025","Clove has been and is being such an amazing help. She is replying super fast and helping me with everything I need, even doing some parts for me. She is also going back and changing things around for me, even when I'm asking her to change things over and over. I absolutely love this app and the support so so much!",true
Arellano,5 out of 5 stars,"Edited June 22, 2025","I'm satisfied with the support team as well as with the app.
Since I'm not that tech-savvy, I had some difficulties. So I contacted the support. I received a reply very quickly and got help. Dear Violette, thanks again for your help. ‍ You understood my request very quickly and implemented it perfectly.",true
Фототапети и стикери,5 out of 5 stars,"March 13, 2025","I had an amazing experience working with Violette, who helped me with a custom setup for my Shopify store. She made it so that the final product price is automatically calculated after entering the dimensions, and in the cart, only the final product appears — instead of separate lines for the base price and the size add-on. On top of that, she added CSS styles to make everything look more ...",true
My Store,5 out of 5 stars,"March 13, 2025",You guys have an amazing customer support!,true
Doctor Aromas,5 out of 5 stars,"March 12, 2025","Great app, easy to use, good support by Lin",true
korbmayer. ganz besonders. für kinder.,5 out of 5 stars,"March 12, 2025","Great app with lots of functionalities, definitely worth upgrading to the paid version. Also, excellent support service from Violette, always available, friendly, and very helpful. She and the dev team quickly identified my problem and provided a solution.",true
Team Vincent Motorsports,5 out of 5 stars,"March 11, 2025",Great Customer service. Needed help trouble shooting something and was helped right way.,true
Webarredamenti,5 out of 5 stars,"March 11, 2025","I chose this app for the excellent assistance received before the purchase. Even after the purchase, Lich was always very helpful and quick in resolving any request for clarification.
I recommend this app for the excellent quality/price ratio but above all for the truly excellent assistance.",true
customHK,5 out of 5 stars,"Edited April 11, 2025",Tracy was very patient in solving the problem every time. Thank you so much!,true
jaxandmel,5 out of 5 stars,"Edited March 27, 2025","This app has been everything I've been looking for! I make custom jewelry, and this has had every feature we've needed to make that process super easy. The support is also so friendly, very quick to respond, and happy to help even with customizations of the app. Lich, Hannie, Charles, and Violette have all helped me make this app work perfectly with our site. I couldn't ask for anything more from ...",true
Anemone Jewelry,5 out of 5 stars,"March 10, 2025","Best app ever, thank you so much for the amazing dev team and amazing Lin who helped me build my product page, thank you so much again!",true
JDF,5 out of 5 stars,"March 10, 2025",Their support is really amazing. Even though I'm trying their app but they went over and beyond just to assist me. I'm really impressed and highly recommended for anyone who are serious to build their shopify business.,true
Planted Aquaria,5 out of 5 stars,"March 7, 2025","Customer service goes out of there way to help me find solutions for my problem. Great app, does what it needs to do, just a small learning curve which is easily memorable after a few settings done.",true
Orbital Clothing,5 out of 5 stars,"March 7, 2025","Está muy bonita su app, mucho más intuitiva que apps similares que he encontrado aquí.",true
Jen-Ken Kilns,5 out of 5 stars,"March 5, 2025","Their team assisted me again today and solved my issue of adding weights to option set varants. Thank you so much for helping me with this, Lich!",true
Glūck,5 out of 5 stars,"March 4, 2025","I had an issue with my custom text fields not working properly with my bundle discounts. The discount would only apply when the fields were left empty—making it a major problem for my customers.

Thankfully, Violette from Easify quickly identified the issue and provided a perfect solution! She was incredibly helpful, took the time to investigate, and made sure everything worked flawlessly.

Huge ...",true
Noorgifts.nl,5 out of 5 stars,"March 4, 2025",I was quickly understood and my problem was quickly resolved. very satisfied,true
Catie Graphic,5 out of 5 stars,"March 3, 2025","MYYYYYYY BABYYYYYY EASIFY!!!!!!!!!!! I LOVE THIS APP SO MUCH. Like seriously could it get any cuter? It's so simple to use and SEAMLESS transition. Don't let these other product options app add-ons confuse you on who is superior. EASIFY IS. Seamless integration, helpful staff always, beginner friendly for customization newbies, awesome templates. Most perfect Shopify app i have used and I don't ...",true
Wholesale Caps,5 out of 5 stars,"March 3, 2025",The app works great. The customer service is A+ (Hannie). Super quick to respond.,true
Voyageprint,5 out of 5 stars,"March 3, 2025",Total Game changer for us. Awesome support we had a small issue setting it up but their tech support fixed the issue within hours. This has to be the most comprehensive set of tools for product customization in the market. So very simple and yet so powerful,true
Readioo,5 out of 5 stars,"Edited March 5, 2025",Nice app and a lot of customisation can be done. Anne from customer support has been very helpful!,true
Us The Creators,5 out of 5 stars,"March 3, 2025",This app really impress me. Sent a message and received a reply almost immediately from Violette who was amazing! The issue was resolved within minutes - excellent customer service. Thank you Violette!,true
Everlasting Memories,5 out of 5 stars,"March 2, 2025","Hi, I started using this Easify product options to add customization option to my Shopify store. I was facing some issue, when I contacted the support team, they resolved it very quickly. Thank you",true
The Aeterna L.L.C,5 out of 5 stars,"March 2, 2025","Great customer service and smooth experience, Anne help me alot about all my problem in easify",true
Atelier Magic,5 out of 5 stars,"March 1, 2025",Nice app and nice support LICH,true
Lawhorn Concepts LLC,5 out of 5 stars,"February 28, 2025","I had a few issues when I set up my options, all my fault, Lich was great and help me through all of the issues I was having. Thank you Lich for all you time and patience.",true
EasyBlinds,5 out of 5 stars,"February 27, 2025",high-quality customer service from Anne~~It always set easy and smarter~ high recommend it.,true
PreschoolShirts.com,5 out of 5 stars,"February 27, 2025","I'm still working on implementation so will update this review once I am fully done, but so far my experience with Easify has been excellent. The app is pretty intuitive and most importantly the user experience the people who go to my shop is going to be really good...both on desktop and on mobile. Easify customer support has been responsive. I've been working with Charles on some of the more ...",true
StickerWorld,5 out of 5 stars,"February 27, 2025","Équipe très à l'écoute. Prends connaissance des problèmes qu'on rencontre et fais même des petites features quand il y en a besoin.
Super, je recommande si on souhaite faire un ou des produits avec des options très spécifiques qui doivent être coordonnées.
Je recommande 100% !",true
WOOLLY BEAR JEWELRY,5 out of 5 stars,"February 26, 2025","I have just begun using this app and I am excited to use many of their features for customizing products. I had a hiccup with my option set not showing under my product listing and Anne was quick to assist me.

I am looking forward to using this app!",true
EternalRose,5 out of 5 stars,"February 26, 2025",Was asking many questions about product lists and image swatches Lich was patient and provided support through demos which allowed me to understand what was trying to achieve better. thank you,true
Stanley Pakistan,5 out of 5 stars,"February 26, 2025","App is Great and Staff is also very friendly. Specially Anne, She is so helpful and great.",true
Flutterbye Prints,5 out of 5 stars,"February 25, 2025",I have just started using Easify to switch from another product personalizer app that I have used for years. So far I'm really impressed. They've been so helpful in answering my questions and setting things up. It's easier to make changes and has a better user interface than the other personalizing app I had before. I also like how they take suggestions for new features and highlight what they ...,true
Picpuzz,5 out of 5 stars,"February 25, 2025",SAV au top merci Anne,true
Boxy Art,5 out of 5 stars,"February 25, 2025",The team at Easify have been magnificent. I wanted some changes and modification of their app to help it sit well with the theme I used. They obliged with no questions asked and made code changes to suit. Awesome!,true
Vana Jewels,5 out of 5 stars,"February 25, 2025","Great app for the product variation setup and easy to understand and setup in store, and the support is very quick, and they are always more than happy to help. The help from Violette and Ane and the development team was amazing and speedy, and they always kept in contact.",true
Race Plastics,5 out of 5 stars,"February 25, 2025","Great app, simple to use with so many options! And the support is just awesome. Would recommend to anyone who needs complex product options.",true
Tags by Elysian,5 out of 5 stars,"February 25, 2025","BRILLIANT. Violette was online when I needed her to be, and at only $13 a month this app is well priced for its flexibility and customisation options.

Love it and violette was extremely helpful!",true
SimSportGadget,5 out of 5 stars,"February 22, 2025",,true
Dotty about Fred Gift Studio,5 out of 5 stars,"February 21, 2025",Love this app but after changing my theme it was no longer working. Sent a message and received a reply almost immediately from Hannie who was amazing! The issue was resolved within minutes - excellent customer service - I was very impressed. Thank you Hannie - you were a superstar!,true
Rosalita,5 out of 5 stars,"February 21, 2025",Great App - Easy to use and set up. I needed to change my product page layout so I reached out. Violet got me sorted within minutes - Great Service!!,true
Tip The Tails,5 out of 5 stars,"February 20, 2025","Awesome app! Loving it so far, support is really great and helpful. :) Highly recommend if you are thinking about making the switch.",true
Ceviches A Tu Gusto,5 out of 5 stars,"February 20, 2025","Excellent application, very powerful and let me set the things I need to my product selection options. Anne was very helpful and kind supporting me setting up my options as I need it.",true
Heart & Magnet,5 out of 5 stars,"February 20, 2025","Contacted the team for an issue I had locating the customers answer to a question check box.
The team responded really quickly. I ended up finding what I needed as they responded so really good customer service. Impressed.",true
1235 Smokes,5 out of 5 stars,"February 19, 2025",Has worked great so far; support is stellar. Violette was patient and helpful until my issue was solved.,true
Sesdress,5 out of 5 stars,"February 18, 2025","This plugin is incredibly feature-rich and easy to use. It simplifies everything, making the process so much more efficient. Additionally, Arlo has been really diligent and responsible, always providing prompt and polite responses with detailed explanations. Truly appreciated!",true
doopsdesigns,5 out of 5 stars,"February 18, 2025",Great app and great help. Highly recommend,true
Speedy Surprises,5 out of 5 stars,"February 17, 2025",Easify is such an amazing app and the customer service is phenomenal! Highly recommend it for all users!,true
Cooke Furniture Store,5 out of 5 stars,"February 16, 2025",Anne did a great job helping get the app sorted!,true
ashleyweber,5 out of 5 stars,"February 15, 2025","This app has been so incredibly helpful for my page and how I sell. I had a small issue when adding some options that took away my add to cart button and I was helped by Hannie. Honestly, I've gotten so used to no one providing or caring about customer service anymore and it's so frustrating, but Hannie was amazing, followed through with that she said she would do, resolved the problem and then ...",true
My Store,5 out of 5 stars,"February 13, 2025","If you use Printify, Printful, or any other print on demand service or your products have a lot of variations then I highly recommend this app. I have a lot of different designs and I wanted my customers to be able to see every design option for a single product all within the same page. This app will allow you to do that and so much more. Anyone who has used print on demand integrations knows ...",true
My Store,5 out of 5 stars,"February 12, 2025","The change image feature was not working on my store, contacted support and Anne responded promptly. She looked into the matter and escalated further for me, with the technical team now investigating. I also was unable to upgrade to Pro in order to unlock more features, I mentioned this to Anne and she upgraded me straight away. Currently, I am waiting to hear back from the technical team, but ...",true
Java Jargon,5 out of 5 stars,"February 12, 2025",Solved my problem! Awesome customization solution. Very helpful staff... thank you Anne!,true
PPO,5 out of 5 stars,"February 12, 2025",Easify is a great app that adds a lot of customization options to Shopify. It's easy to work with and has good documentation. The support has also been fantastic--they are quick to respond and help with implementing any changes or troubleshooting issues. Highly recommend!,true
Bella + Mauve,5 out of 5 stars,"February 11, 2025",Anne was very helpful,true
Lucine & Bastien,5 out of 5 stars,"February 11, 2025","Great product, i found this product allow us to make all we needed for customisations and pricing addons without problems, it offer a LOT of features, customisation is simple, translation work great too.
and the support team if amazing, available and really nice to meet.

i recommend this app at 100% !",true
phybone,5 out of 5 stars,"February 10, 2025",,true
BUNGUBOX,5 out of 5 stars,"February 10, 2025","Rich feature set that is almost overwhelming, but once you figure out all of the features, it is very powerful. I especially like the ability to toggle the option sets so that they can be hidden to take up less space on the page. They also have very good multilingual support, i.e. the ability to display my options in multiple languages. Not many apps support this.

Their support team was very ...",true
Timber Engraves,5 out of 5 stars,"February 9, 2025","I can't fault this app add-on - it's truly exceptional. With outstanding customer service and a brilliantly designed app, Easify is perfect for anyone looking to add customisation to their store.

I've been working with Charles from Easify’s support team to tailor the app to our website’s needs, and he has been incredibly helpful every step of the way. His support has made the process seamless and ...",true
Eurovista Blinds,5 out of 5 stars,"Edited February 19, 2025",Easy to use. Helpful and very responsive team to answer questions.,true
KBs Embroidery & Gifts,5 out of 5 stars,"February 7, 2025","There was a conflict between my theme and Easify. Hannie worked with her team, Charles and Violette to get everything straightened out.",true
Big Mouth Candy,5 out of 5 stars,"February 6, 2025",Have to say it really is a great app and add on to our store. It was able to save us a lot of money on web design. The help and support is very quick and they are always more than happy to help. Would definitely recommend this to anyone looking to go past the basics of a normal website. The help especially from Lich was amazing very quick and speedy and always kept in contact.,true
Ō la belle vie,5 out of 5 stars,"February 6, 2025",excellent app with amazing support if you need help setting an option or anything. really glad I found that app !,true
"Oh Stitch, Please (Embroidery, DTF, Vinyl)",5 out of 5 stars,"February 5, 2025",Great app. Customer service was helpful.,true
ShopGRC,4 out of 5 stars,"February 5, 2025",App is great. There are sometimes where assistance is needed but Support is fantastic! Easily accessible and sticks with you until problems are solved. Hannie was great!!,true
Bk Interior Design,5 out of 5 stars,"February 5, 2025",Great app. Very fexible and many options to play with. Very Good support team as well,true
Amy Dixon Art,1 out of 5 stars,"Edited March 4, 2025","UPDATED REVIEW
Since my initial review I have had a poor experience with the Easify app. After weeks of troubleshooting a basic function of the app, having my case passed around 3 or 4 agents, the dev team has given up trying to solve my issue (when an add-on was deleted from the cart, its monetary value stayed behind in the cart, creating an incorrect and misleading total). Unfortunately, after ...",true
Hermosa,5 out of 5 stars,"February 2, 2025","I have a problem with app but Lich resolve that problem in 5 minutes, thank you so much!",true
Magnetic Prints,5 out of 5 stars,"January 30, 2025",I needed some help customizing the settings for my checkbox and Lin helped me greatly in under 5 mins when I reached out to them. This is such a great app for my store.,true
Umi & co.,5 out of 5 stars,"January 27, 2025","So far so good, easy set up and friendly and quick help through the chat function. I´m excited to use the add on in my Shopify shop.",true
Msofas LTD,5 out of 5 stars,"January 27, 2025",Very good,true
Jazzy Giraffe,5 out of 5 stars,"January 27, 2025",A great app and Lin was a brilliant help,true
Pro Safety Signs,3 out of 5 stars,"Edited January 31, 2025","Unfortunately, I had to change my review as the plugin is not performing as expected. These guys have amazing support and are quick to answer, but unfortunately, after 5 days of constant back and forth, they were not able to get the plugin to work, so we had to move to another plugin. If Shopify offered a ticketing system, the whole process would probably be more effective. Every single time I ...",true
MeePlus,5 out of 5 stars,"Edited February 25, 2025","service is truly thoughtful. I originally just wanted to download the technical documentation and set it up myself, but I didn’t expect you to have already configured it for me. I really appreciate it!",true
C7skates,5 out of 5 stars,"January 24, 2025",Lich was incredibly helpful in getting my settings properly configured.,true
Lil' Baby Cakes,5 out of 5 stars,"January 23, 2025",Excellent app. Easy set-up and worked flawlessly. Need a quick question answered by tech support and they responded quickly. Thanks.,true
Chatterbox Labels,5 out of 5 stars,"January 23, 2025",Great app to add options and customizations to your products. Feature rich and after an initial learning it is quite easy to use. Our website is for personalized products so we are very dependent on this app. Removes the need for additional coding saving countless hours and improves sales. Highly recommended over using Shopify variants,true
Everything Locks,5 out of 5 stars,"January 22, 2025","Honestly, Easify is the BEST plugin for my Shopify store! It allows for SO much customization for my customers to choose what THEY want! SO WORTH THE $10 A MONTH!",true
Sunstreet Bakery,5 out of 5 stars,"January 22, 2025",great app and great service - quick and efficient,true
EZcurtain,5 out of 5 stars,"January 21, 2025",very responsive customer service. Lin helped me on solving an issue that bothered me 3 days. thanks!,true
Wallstickers4you,5 out of 5 stars,"January 21, 2025","Great app, especially for bulk customization. Great customer service.",true
Transformulas,5 out of 5 stars,"January 20, 2025",Really helpful customer care team. Thank you to Anne!,true
RehaComfort,5 out of 5 stars,"January 20, 2025","I discovered the Easy Product Options app, and it’s exactly what we were looking for! We were considering spending a lot of money to have a similar solution custom-built, but this app does everything we need and more. The support team, especially Anne, has been fantastic—quick, professional, and always helpful. Highly recommended!",true
Bedrooms Plus,5 out of 5 stars,"January 20, 2025",A fantastic app and a really impressive support team. Highly recommended. Violette was very helpful.,true
Engraving Purffection,5 out of 5 stars,"January 16, 2025","Hannie provided me with excellent support and quick help. If you are looking for an app that will provide you with stability and personalization, you have come to the right place. For my business, it is a great help and the app itself is very easy to use. I highly recommend it!",true
GEMORIES,5 out of 5 stars,"Edited May 27, 2025","While I’ve experienced some challenges with Easify, I appreciate the team’s willingness to assist and provide ongoing support. The app has potential and includes useful features, and I’m hopeful that future updates will bring more stability and a smoother experience overall. I’m giving it another shot and looking forward to seeing improvements.",true
PK9 Gear,5 out of 5 stars,"January 15, 2025","So far so good!
Very easy to use - Straightforward and simple!

Anne from support was amazing when I reached out with a question - she was quick, helpful and friendly!

Definitely recommend the app!",true
Z-CREATIONS,5 out of 5 stars,"January 14, 2025","A huge thank you to the Easify team!

From the very beginning, the collaboration was absolutely professional and friendly. Their support in setting up my Shopify store was outstanding – every detail was carefully implemented. I was especially impressed with how flexible the team was in accommodating my special requests. Everything was completed to my fullest satisfaction, and the results ...",true
Sendora Jewelry,5 out of 5 stars,"January 14, 2025",They have a lovely customer service system!,true
READY HEADSET GO,5 out of 5 stars,"January 14, 2025",Great app and support!,true
ROST - Vastuullista Kahvia Suomesta,5 out of 5 stars,"January 12, 2025","While still experimenting with the features of the app, it does complement the out-of-the-box experience of Shopify and our theme just the way we want. Also, customer support has so far been exceptionally good. Thank you Lin for that!",true
TechUp.NZ,5 out of 5 stars,"January 12, 2025",Very user friendly app. Highly recommended.,true
BestGut Medical,5 out of 5 stars,"January 10, 2025","I needed some of my custom fields coded into my fulfillment order requests. Anne and Violette were fantastic in liaising with me in order to get my vision across and even when it didn't work the first few times, they continued and persevered and got it right. It was a pleasure working with them. Charlie",true
Door Lab,5 out of 5 stars,"January 10, 2025",Great experience and customer service provided by Violette.,true
CoverOutfit,5 out of 5 stars,"January 9, 2025",This app is most helpful and this app make me ase to manage my shop and product customization. They have good team to help me for resolving my problem. thanks for Lim to helping me.,true
Casson,5 out of 5 stars,"January 8, 2025",This app is highly customizable to a huge variety of needs - this has been the most successful app we've used from a wholistic bundle/add on app as well as a customer service app. Their support team is incredibly helpful and with a bit of deep thinking you can really build out what you need!,true
Custom Threads,5 out of 5 stars,"January 8, 2025",Really quick in solving my problem for me! great customer service!,true
Booklover Gems Boutique,5 out of 5 stars,"January 7, 2025","I am new to Shopify, but I found Easify through a google search and reddit group. It is SO easy to use and the options are practically endless. Also, the customer service is amazing! I had a problem and reached out, within a few minutes Lich had the solution for me. They gave me a step-by-step guide and it was very easy to follow!",true
Weave Length,5 out of 5 stars,"January 7, 2025",Easify is a lifesaver for managing complex product options. Violette's support is top-notch – super helpful and responsive. Highly recommend!,true
PALAVA japan,5 out of 5 stars,"January 7, 2025","We've been using this app for 6 months now, and we are so happy with it. Very easy to use and super helpful support staff. Thank you, Anne, for your prompt and excellent help!",true
snoozynights,5 out of 5 stars,"January 6, 2025",I Love this app. Its simple and Offers so much options for creators. App interface is so friendly. Recently I got into an Issue but the Easify Team Resolved It in Minimum 12 hours. Especially Thanks to Lin & Lich for helping me out. Highly recommended!,true
Vered Levy,5 out of 5 stars,"January 6, 2025","Lin bring me more than perfect service, Thanks a lot",true
Laceez Australia,5 out of 5 stars,"January 4, 2025","Great support, very helpful.",true
Purrint,5 out of 5 stars,"January 3, 2025","This app is amazing and works wonderfully, it's exactly what I needed, the info they have in their documentation and demos solves almost all my doubts and when I had an issue for customization the customer support helped me so quick and efficiently, Lich was lovely and sent me screenshots and guided me to solve my problems and was so kind, couldn't recommend the app enough!",true
JAPANESE KNIFE STUDIO,5 out of 5 stars,"January 3, 2025","Takes awhile to get use to, and has some occasional caching issues. But the support team has always been readily available to solve all my queries.",true
Ethereal,5 out of 5 stars,"January 2, 2025","I’ve tried a lot of Shopify apps, and Easify is definitely a standout. It’s so easy to set up and works perfectly for my store. Everything just makes sense, and the features are super handy for running things smoothly.

What really blew me away, though, is their support team. They’re available 24/7, and every time I reached out, they responded quickly and were super helpful. It feels like they ...",true
The Petal Parcel,5 out of 5 stars,"January 1, 2025",Simple to use and the customer service is fast and amazing! The questions I had were answered immediately. Thank you!!,true
www.PetFiction.com,5 out of 5 stars,"December 31, 2024",Great app with great support.,true
Riyaasat Official,5 out of 5 stars,"December 31, 2024","Great app and team support, thanks alot team for quick response.",true
Tom Hadley,5 out of 5 stars,"December 31, 2024","Great App there's a lot of different configurations on the app and it's very clean! Can't thank Violette enough for collaborating and helping me, great customer service very quick and prompt with everything. Thanks :)",true
Siri-ously Cute,5 out of 5 stars,"Edited August 10, 2025","I am still a new user and learning the app, but I had an issue and the customer support was top notch and very quick!

update August 2025. I had an issue, and Charles helped me very quickly.",true
Loverly Lane,5 out of 5 stars,"December 28, 2024","I can't recommend Easify enough! I recently needed help with hiding products on my website, and their support team went above and beyond to assist me (thank you Hannie, Anne!). The customer service was truly exceptional – the representatives helping me not only understood my issue but also took the extra step of reaching out to the developer for further assistance. What really stood out was how ...",true
Worldpeaks,5 out of 5 stars,"December 28, 2024",Great support! Awesome app. Thank you Lin,true
PHOTOEXPERTHP,5 out of 5 stars,"December 27, 2024",This app is really helpful. And their support team is very helpful and give us quick response.,true
Atriox,5 out of 5 stars,"December 27, 2024","The Easify team has been nothing short of amazing. I’m only a beginner with shopify and everytime I ask the silliest questions they’re there to help me nearly instantly.
The app itself is easy to use and does exactly what it says. I couldn’t recommend the app and team enough. Will be a long term customer for sure.",true
Book Embosser,5 out of 5 stars,"December 26, 2024",太棒了，很灵活，轻松实现我需要的功能。感谢 Violette 的支持。,true
BLOK BUDDIES,5 out of 5 stars,"December 26, 2024",Anne was great and helped me with my question!,true
CoverMate,5 out of 5 stars,"December 26, 2024","Loved their customer support, speical thanks for the support to Violette and Hannie. My app was having some functionality issues but they resolved it within 24 hours and their free version is perfect for someone getting started. Use pre made templates for hassle free work.",true
MoliFX by Moli's,5 out of 5 stars,"December 24, 2024",感谢vlolette,true
Diet Chicken,5 out of 5 stars,"December 22, 2024","I’ve been using Easify, and I’m thoroughly impressed with their excellent service and super-fast response time. Their team was quick to address and resolve my issue, and they followed up to ensure everything was working smoothly. It’s clear they care about their users and provide top-notch support. Highly recommended for anyone looking for reliable and efficient app solutions!",true
Boudreau Fragrance Co,5 out of 5 stars,"December 21, 2024",great app. does exactly what i needed to and the support staff is actually extremely helpful,true
Cartpitol,5 out of 5 stars,"December 20, 2024","App cực kì dễ sử dụng, đa dạng custom options. Mình chưa dùng hết nhưng những tính năng đang sử dụng thì đều ok và giá cũng cực kì mềm so với các app personalize đã từng dùng.
Khi sử dụng mình gặp một vài lỗi thì team support và team Dev support rất nhiệt tình, đặc biệt là bạn Anne team support!
Hi vọng team sẽ tiếp tục nâng cấp app lên, có vài tình năng như hiển thị hình live preview khi ...",true
Alpa Calor,5 out of 5 stars,"December 18, 2024","Love this app, absolutely useful on our website. Anne was more than helpful to help me configure the website correctly.",true
NARA Digital Emporium: The Premier Destination for Regulators' Essentials,5 out of 5 stars,"December 18, 2024","Was having a lot of trouble getting things set up, I received amazing support from Hannie on of the service reps. They even made a info video for me to use as they were actively answering my questions! Above and beyond support!",true
JUMBO COMPUTER SUPPLIES,5 out of 5 stars,"Edited December 19, 2024","""Lich staff are really helpful! Both the speed of problem solving and the attitude in handling things are impressive. They patiently listen to the needs every time and quickly provide professional and practical solutions. Definitely worth praising !”

Thank you very much Vlolette for your help. The problem was solved quickly in a short time. It was really professional and efficient! It is really ...",true
Noon Deadline,5 out of 5 stars,"December 17, 2024",This team is AMAZING!!! Literally so responsive and helping me with every little detail. I cannot recommend this app or team enough. They truly are the best.,true
Dunamiss Cosmetics Private Limited,5 out of 5 stars,"December 16, 2024",Fantastic app! I use this on website and it's brilliant. Support has always been very quick and always been able to figure out my issues swiftly.,true
hoffnungstraeger-hamburg.de,5 out of 5 stars,"December 16, 2024","We’re absolutely happy with this app and the outstanding customer support! The app is intuitive, easy to navigate and set up. The free plan includes all the features we need for our basic products.
Initially, we encountered a technical issue, and the product options were loading slowly on our website, but Lin and the team resolved everything within a day. Their quick and efficient support made ...",true
Spec To Sample,5 out of 5 stars,"December 15, 2024","I have just started using this app and the customer service team have been so helpful, quick and efficient with fixing any issues in my theme. Great customer experience and user experience so far!",true
Reply Totem Official Store,5 out of 5 stars,"December 14, 2024",,true
ExLibris.store,5 out of 5 stars,"December 12, 2024","App davvero ben realizzata, intuitiva e completa, perfetta per personalizzare i prodotti su un sito e-commerce in modo semplice e veloce. L'assistenza è eccellente: sempre pronta a rispondere con competenza ed efficacia. Un grazie speciale a Lin per il supporto! Consigliatissima!",true
Print Concept,5 out of 5 stars,"December 10, 2024","I had an excellent experience with Lin from Easify the customer support team! The responses were quick, clear and very professional. They showed great empathy and made sure my issue was completely resolved. Thank you for your help - I will definitely recommend this service!",true
Madestickers,5 out of 5 stars,"December 10, 2024","Had some problem with pictures in product menu, but Lin from support team was great and solve that problem quite quick and also after my request sent me a video how I can solve this problem with some pictures. Great support, I`m very satisfied.",true
"Luminius Wood Watches, Australia",5 out of 5 stars,"December 10, 2024",Excellent customer service from Voilette at Easify and the App is easy to use and works great. Thanks!,true
Wixono,5 out of 5 stars,"December 9, 2024",Top advisor,true
4Me1,5 out of 5 stars,"December 9, 2024","Best Service, Good and Flexible App.

App này quá chất lượng",true
Illumined Living,5 out of 5 stars,"December 7, 2024","I wanted to be able to add a customization field for my product page. The app made it so easy! I was happy to see the customer entered data transfer to the cart. However, it didn't show on the customer's order confirmation email, nor on the email notfication to the store. HOWEVER, there is a fix for this in Easify's help section! They had great instructions on how to edit the code on the ...",true
csinosan,1 out of 5 stars,"December 7, 2024","the UI is crap, but works... until you realize you can only export your orders with the top plan...",true
Uniform Headquarters,5 out of 5 stars,"December 6, 2024","I have tried 10+ custom options app and this app is the best: ease of use, organization of option sets, conditional logic based on app options OR shopify variants, etc. I was picky about the way the buttons were appearing in my site and Lich on their customer service team was absolutely fantastic to work with. They personally added custom code to achieve exactly what I was looking for. Appreciate ...",true
SIGNORINA,5 out of 5 stars,"December 6, 2024","Lynn helped us make some very important style changes to the color swatch. She understood our needs and was quick to fix all issues. Fantastic customer service and best swatch app in the market!

Elisa & Andrea",true
The Pass Photography Prints,4 out of 5 stars,"Edited July 15, 2025","Best custom variant options app I've seen yet. Compared to others, the aesthetic is more modern and has a feel of usability, there are lots of options and details to choose from and the customer support is quite seamless. Support responds quickly over the online chat and is very helpful, plus available often (24/7 I think). So far I really like the app. Only four stars as there is still some room ...",true
BonfireDesign,5 out of 5 stars,"December 5, 2024","I recently started using the app, and it has been fantastic! I was able to create multiple listings with variations in just one day. Once you set up your option set, applying it to other listings is incredibly straightforward. I did encounter a minor issue at the start, but Anne, Charles, and Violette were incredibly helpful and resolved it quickly. The team is not only responsive but also very ...",true
Demebygabriella,5 out of 5 stars,"December 5, 2024",Super helpful.,true
Nature Native,5 out of 5 stars,"Edited July 1, 2025","Trying out this app for the custom size option for our rugs and loving it so far! Violette, Clove, Tracy and team have been extremely helpful and prompt in providing assistance, troubleshooting some issues we had with our cart drawer and even worked on an additional requirement we would like to have earlier. Thank you so much!

Looking forward to exploring the other capabilities to supercharge our ...",true
goodiemugs,4 out of 5 stars,"December 4, 2024","I became extremely frustrated while working on my Easify template so I reached out to chat. Charles and Anne were a tremendous help. Charles sent me a step by step video to get me on the right track and by allowing Anne permission to manage the app on my end, I was able to stop pulling anymore hair out and proceed to building my empire. ;)",true
Ka Ohana Jewelry,5 out of 5 stars,"December 4, 2024","We’ve been using Easify for a while now, and we absolutely love it! We recently had an issue, and Violette was such a lifesaver. She not only helped us resolve the problem quickly but also took the time to answer all our questions with so much patience and care. It really feels like they genuinely care about their customers. Huge thanks to Violette and the Easify team for making everything so ...",true
MacQueen Pipes,5 out of 5 stars,"December 3, 2024",Great app for allowing people to add engravings using my custom fonts. Very easy to use and great service. Had some trouble so reached out to them and Anne and her team helped resolve my issue in a timely matter. Highly recommended!,true
THE BEST RECOVERY™,5 out of 5 stars,"December 3, 2024","The app is awesome!!! IT doesn't have that annoying watermarks and also the team is the most supportive, fast and kind people I've ever met in an app.

100% recommended!!!",true
Mococo,5 out of 5 stars,"December 3, 2024",Brilliant service for troubleshooting issues. Great app.,true
Prestige Chess,5 out of 5 stars,"December 3, 2024","Anne from Easify was a great help. There were a couple of technicalities I wanted to amend in hiding the 'add-on' product (the engraving) being listed as its own item on my product page. She quickly amended this for me and answered a few other questions I had, really great service. Thanks!",true
El cajón de María,5 out of 5 stars,"December 2, 2024","Excelente soporte: amabilidad y profesionalidad. Muy buena App, sencilla de usar y con buenas opciones, incluso en la versión gratuita.",true
Luffleberry,5 out of 5 stars,"December 2, 2024","Great app with lot's of options to add to products and very user friendly.

We had some issues with the options not displaying correctly on our site and the issue was promptly solved by the Easify team.

Thank you for your app and for the great customer service!",true
UPURU,5 out of 5 stars,"December 2, 2024","The support is absolutly amazing, i have probably asked wayy to much questions, but still, they send me amazing manual messages, goes in to my website and writes me perfect feedback and fixes that have helped me with everything. Absolutly amazing people and support, have never seen anything like it.

RECOMENDED 10000X",true
Visionpure.nl,5 out of 5 stars,"December 1, 2024","Super well helped by Charles, everything I asked for has been arranged for me. Really a top guy!",true
KiJa Handmade,5 out of 5 stars,"December 1, 2024",Great app... And super fast response time for any help,true
Ma boutique,5 out of 5 stars,"December 1, 2024",Lin from Easify have been super helpfull to make me understand where was my mistake using it on shopify. Deeply recommand this app and service coming with. Can't wait to enjoy it on my store !,true
LUMENS - Gravure Laser Personnalisé,5 out of 5 stars,"November 30, 2024","Super app qui marche parfaitement.
De plus après avoir contacter Lin par messagerie j'ai été aidé en quelques minutes et avec une solution à la hauteur de ma demande ! Je recommande vivement",true
Brilliance in Diamonds,5 out of 5 stars,"November 29, 2024",,true
"Craytown, USA",5 out of 5 stars,"November 28, 2024","Great customer service (Hannie is awesome!), offers more than other comparable apps at an affordable price",true
ColorHub,1 out of 5 stars,"Edited February 2, 2025","While Easify’s customer support is exceptional, unfortunately, that doesn't make up for the fact that the application itself is highly unstable, filled with critical bugs, and simply not reliable for a professional e-commerce store.
For over two months, I have been in a constant back-and-forth with their team, reporting issues that they would fix, only for even more serious bugs to appear. I ...",true
SycamotreCustom,5 out of 5 stars,"November 28, 2024","Nice app, it does the job and very helpful team.",true
Not Just Plain Branding,5 out of 5 stars,"November 27, 2024",Fantastic app! I use this on 2 websites and it's brilliant. Support has always been very quick and always been able to figure out my issues swiftly. A brilliant app that does everything I need it to do.,true
Clearview Plastics,5 out of 5 stars,"November 27, 2024",I've tried several option apps and this on hit the right digits. The support team is rad and easily available. Lich helped me today and was way fast to resolve.,true
Cathy's Custom Emporium,5 out of 5 stars,"November 25, 2024","Absolutely Love this app!! Perfect for being able to have different sizes without having to specify how many of each size, and extremely easy to use.
Charles was beyond helpful with getting my settings correct so I could offer Black Friday sales!",true
Crowell Customs,5 out of 5 stars,"November 25, 2024",Such a cool app - Love the personalization options and variant choices. Absolutely a must for my store. Also - Violette is amazing and support is fantastic and fast! :) 10/10 would recommend.,true
Office Furniture Warehouse,5 out of 5 stars,"November 24, 2024",Anne from the support team was great helping me with a small display issue. Love using this app on our store!,true
Beach&Bohem,5 out of 5 stars,"November 23, 2024",,true
ForeverYours Flowers,5 out of 5 stars,"November 22, 2024",Easify product options is a great app! It had what I just definitely needed – to have the ability to make customizations and put options and as well as a Date picker! I had a bit of a hiccup with my own product quantity but thankfully the 24/7 support was really helpful. I got connected to Hannie and we solved the problem together in no time. Thanks so much!,true
AirNaze,5 out of 5 stars,"November 22, 2024",Lich me ayudo de forma muy rapida !!,true
My Store,5 out of 5 stars,"November 21, 2024",We had some issues setting up mm pricing on our online store and Anne was fantastic. Thank you so much!,true
cora&co,5 out of 5 stars,"November 21, 2024","I'm using the free plan and it's great for a made to order business like mine. Not only the app is good, but the customer service really impressed me. I had a small problem and sent an email to the Easify assistance with low expectations, since I'm not a Premium member. They answered me promptly, immediately identifyied the problem and explained to me how to fix it. Would 100/100 recommend. ...",true
Solly's Bake Shop,5 out of 5 stars,"November 22, 2024","I installed the app on my client's website and discovered a bug during testing. After submitting a support ticket, @Anne from the support team was incredibly patient and helpful, resolving the issue quickly.",true
Shred Graphics,5 out of 5 stars,"November 20, 2024","So far very nice app, does exactly what I was looking for, even the free version.

Good service team! At first the options didn't appear into the cart and order summary, but after contacting the team they fixed this for me with an extra code! If you have the Dawn theme and it doesn't work, just reach out to the support by chat and they will help you out (like Lin did for me!)",true
folkhemmet,4 out of 5 stars,"November 20, 2024","Great app, which exactly does what it advertises. There have been some bugs and glitches which unfortunately takes away one star, but the support have been very helpful and they have taken action and responded quickly.

Big thanks to Violette, Anne and Lich for their help!",true
Ouozzzshop,5 out of 5 stars,"November 20, 2024",Violette helped us a lot. We are sure that the various options set from Easify will increase our sales!,true
Jag Grills,5 out of 5 stars,"November 19, 2024","Hey, I finally found an options app that works like it is supposed to. Thank you Easify and thank you Hannie for your assistance in making some customizations to our site!",true
Lachocoluxe,5 out of 5 stars,"November 19, 2024","Love this app, one of the best customization apps available on Shopify, it has almost everything you may need. Staff is also very helpful in fixing any problems you may encounter, true and real support is provided. Thank you Easify!",true
SassyBirds,5 out of 5 stars,"November 19, 2024","Not only is the product great - the help was phenomenal! They were quick to reply and provided easy to follow demos via Loom - such great service to help with quick and effective set up for templates. I trialled 3 paid-for platforms in total and Easify was by far the best all around - ease of use, user friendly, great customer service & help.",true
MAK AG,5 out of 5 stars,"November 19, 2024","The Easify support team, especially Lin, provided outstanding assistance. Lin was incredibly helpful, guiding me step-by-step and ensuring everything worked perfectly. Her clear explanations, quick solutions, and genuine care made the process seamless and stress-free.

I highly recommend Easify for both its functionality and exceptional customer support. Thank you, Lin, for your fantastic help!",true
Thirty6Rooms,5 out of 5 stars,"November 19, 2024","Our experience with Easify Product Options Variant has been incredible. The app itself is super intuitive and offers all the flexibility we needed to customize product options like add-ons and variants. It’s made managing our store so much easier!

But what really stood out was the customer support. Lin, who assisted me, was absolutely amazing! She helped me figure out an issue in literally ...",true
Farrier Specialty Products,5 out of 5 stars,"November 19, 2024","Easify is fantastic. So many choices to setup your products the way you want!! And, if you can't figure it out, the support team is there to help! The price is reasonable and the app works as expected. There is a bit of a learning curve, but the support docs walk you thru the setup and use. Highly recommend this app.",true
The Goodie Box,5 out of 5 stars,"November 19, 2024",Violette was very helpful and explained everything. I managed to get my issue fixed promptly.,true
rofielty,5 out of 5 stars,"November 19, 2024","I am very grateful to Ms. Anne. I encountered some problems with product customization attributes when using Easify. I couldn't handle it for a long time and was always troubled by this problem. The appearance of Ms. Anne brought me hope. Under her guidance, I successfully solved the problem. I am very grateful to her and the Easify program, which solved my problem in the Shopify custom program.",true
lil sweet treat,5 out of 5 stars,"Edited July 17, 2025","Had a great experience with Lich during our setup! My questions were answered in a timely manner and I was able to get the right solution to our store within one afternoon! Highly recommend!

Was creating a new product on our storefront and Jen was able to provide quick, helpful and kind assistance during my questions! This app's support is always amazing!",true
Atelier Dali,5 out of 5 stars,"November 17, 2024",son muy resolutivos! increíble experiencia,true
RED DINING BOOK,5 out of 5 stars,"November 17, 2024",The functions and the support team is 5-star plus!!!! Can highly recommend this APP,true
CAGEWRX,5 out of 5 stars,"November 15, 2024",Very beautiful options app that works great. The support for custom options was fantastic as well! Very timely and very helpful to our needs on our website. Highly recommend this app!,true
Greetabl Gifts,5 out of 5 stars,"November 15, 2024",Lich was very helpful setting up a complex order page. The software can do many things but it does require some time to understand how to implement some more complex situations.,true
T & J Creations,5 out of 5 stars,"November 14, 2024","First time using this app. I had a little trouble figuring it out. Violette was excellent in taking time to help me get it fixed how we needed it. So far, so good! Excellent customer service!",true
Vie Vin Lechinta,5 out of 5 stars,"November 14, 2024",Best App,true
Uniformes Direct,5 out of 5 stars,"November 14, 2024","Easify Product Options is hands down the best app for customizing products to boost conversions. With 26 types of options—from image swatches to file uploads and conditional logic—it’s super easy to create a unique shopping experience that makes customers click buy.

The dynamic pricing feature rocks; you can set custom add-on prices and even go formula-based, letting you upsell without hassle. ...",true
The Muse Edition,5 out of 5 stars,"November 13, 2024","Thank you for taking the time to fix my issues.
Quick response and support.
I recommend to use this app if you want to add custom product options.",true
CraftivaArt,5 out of 5 stars,"November 13, 2024",Thank you so much! Exceptional customer service—truly the best! Thank you Lich!,true
My Store,5 out of 5 stars,"November 13, 2024",Anne was helpful setting up the customisations,true
Paulette & Marguerite,5 out of 5 stars,"November 13, 2024","Très bonne application, merci à Anne du chat pour sa réactivité !",true
Ignight Me,5 out of 5 stars,"November 13, 2024","The customer service has been excellent. Super helpful with setting up the app, sending through personalised videos to help make set up more clear and easy to follow.
The app seems to be working for us so far. Looks like it will be exactly what we are looking for, to be able to offer our customers the options of sizes and colours without affecting our inventory updating system.",true
Tigris Jewelry Co.,5 out of 5 stars,"November 13, 2024","Easify is an outstanding app for Shopify, streamlining store management and enhancing productivity with its intuitive and user-friendly interface. The customer support is exceptional—Anne was particularly helpful, providing quick responses and expert guidance that made the process effortless. Highly recommend!",true
Dirt Road Barns,5 out of 5 stars,"November 12, 2024","Excellent app - easy to set up and get going quickly! Had a few questions, so chatted in and Charles was quick to respond, quick to get me the right answers, and incredibly friendly the entire time! 10/10 would recommend!",true
MAZARINE,5 out of 5 stars,"November 12, 2024","Perfect for what we needed! Easy to set up, great CS reposnses",true
"Emerson Knives, Inc.",5 out of 5 stars,"November 12, 2024","The support provided by this app is top-tier. They clearly have a passion for the service they provide, and they had no issues walking me through or providing a solution for any problem I encountered. The app is pretty open-ended, so there is a lot of flexibility and very little constraints. If you own a business offering special services for your products (custom engraving, custom adjustments, ...",true
Roux Apothecary,5 out of 5 stars,"November 12, 2024","Violette Did such a great Job assisting us as we navigated through this App, Excellent option for adding custom Details to the website. I'm so happy with the results. Thank you so much for such an amazing support.",true
BLECH-HERO,5 out of 5 stars,"November 12, 2024","Great option sets, highly customizable, and excellent support from Anne and the developers when issues arise. Highly recommended!",true
Stacy Style Gifts,5 out of 5 stars,"November 11, 2024","It's a great app, and the staff is super helpful. Big thank you, Lich, for the help today. It's straightforward to use, so even a beginner will manage it.",true
Bello Haven Hair Extensions,5 out of 5 stars,"November 10, 2024",Lin was amazing and super helpful. Resolved all of my issues and helped me fully customize the app to my needs for my website. Very timely with responses and making changes quickly. Couldn't be happier with the support and help that I've gotten so far!!,true
Breadshop,5 out of 5 stars,"November 10, 2024",Easify was very easy to use and has extensive documentation that is very accessible. I needed some help and Lin was great!,true
My Store,5 out of 5 stars,"November 9, 2024","This team is so helpful, I sent a message at 10:00 PM and they got back to me within minutes. On top of that they got straight to the point on figuring out my issue and it worked. Very grateful for this app and all the people behind the scenes.",true
Mello Shop,5 out of 5 stars,"November 8, 2024",Very fast customer service!,true
albionsp,5 out of 5 stars,"November 8, 2024","Great and quick support. Even with custom code, they were happy to help resolve issues.

Customer service was friendly and professional. Lich took care of the back and forth and was quick and insightful with their responses.",true
Rohleder AT,5 out of 5 stars,"November 7, 2024","I'm using this app across three shops. We have tried many, many different Variant Option applications, and there is not a single one that can do what this one can.

It can be configured to match your shops' visuals without any support requests. It can calculate add-on prices according to a formula. It works with discount codes.

In addition, the support is very responsive and even implemented a ...",true
Lazerproworx,5 out of 5 stars,"November 7, 2024","Hannie was very helpful in helping me fix my issues and adding fonts, files and text boxes to my product.",true
My Store,5 out of 5 stars,"November 7, 2024",An excellent product and great support from Anne and Lich.,true
6 Oz. Bakery,5 out of 5 stars,"November 6, 2024",Very helpful consultants and they are always there to help when you need.,true
NEMOCI,5 out of 5 stars,"November 5, 2024",support is very fast，Very satisfied，Five Stars,true
Sarron,5 out of 5 stars,"November 5, 2024","This app and its sister app ""Easify Inventory Sync"" helped solve a lot of problems that my store was facing. We are a made-to-order clothing brand and wanted to offer a lot of product page customisations, a process that we were handling through whatsapp dms. Easify Options completely solves all of our use-cases. There might be some issues that arise when you add customisation options, but the ...",true
Masterpiece Doors,5 out of 5 stars,"November 5, 2024","Easify Product Options has built an excellent app. The app is essential our website's functionality. The support team at Easify is amazing! Violette and Linn have promptly resolved any little issues that have arisen. It's very reassuring to have a support team that's so knowledgeable, friendly, and very quick to resolve any issues.",true
Spare Jeans,5 out of 5 stars,"Edited July 25, 2025",Really great help from Anne to set up my store the way I want to,true
Waycap INC,1 out of 5 stars,"November 4, 2024","I ran into a lot of problems with this app. The cart wouldn't remove variants, and it kept adding the first variant option in the cart when selecting multiple variant, which was frustrating. I set the increment value to 12 units, but some variant didn’t follow this setting and showed wrong quantity in the cart. After struggling to set everything up, I gave up and started looking for another app. ...",true
Southern Gifting Company,5 out of 5 stars,"November 4, 2024","Excellent customer service, I was having a hard time figuring out how to add and move around the option sets and they were able to walk me through the process!",true
Busted Knuckle Garage Gifts & Gear,5 out of 5 stars,"November 4, 2024","WOW! The help I received in setting this up on my Shopify store was amazing. Lich was my contact at Easify....patient, quick and went the extra mile to hand-hold me on adding (testing) a personalization option on just one item. And I'm just testing the FREE app...but with help like this, I would have to look at an upgrade after reviewing sales of my new personalized item Thank you Lich, thank you ...",true
Island to East Side,5 out of 5 stars,"November 4, 2024","Easify is one of the best apps I've worked with in terms of product options, customization and customer support! I've been working with Lich and she has problem solved every issue I've had almost immediately. Love it so far!",true
Laadmagazijn,5 out of 5 stars,"November 4, 2024","Great app, which exactly does what it advertises. If you need help to set up everything, they will take action immediately and respond quickly.

Big thanks to Violette, Anne and Lich for their help!",true
Equiluxe Tack,5 out of 5 stars,"November 3, 2024",This app is perfect and exactly what I needed! It allows me to add shipping information to the product page for specific products and even specific variants that are on backorder. The chat support was very helpful in helping me to customize it and make it look exactly as I want it.,true
Perfect Presents,5 out of 5 stars,"Edited June 22, 2025","Absolutely loving the Easify app! It’s super easy to use and has everything I need to customize my store just the way I want. Shoutout to Anne for her amazing support – she was so quick to help and made the setup a breeze! I just upgraded to the premium plan, and it’s totally worth it with all the extra features. Highly recommend this app if you’re looking for something reliable with awesome ...",false
Poker Provoke,5 out of 5 stars,"November 2, 2024","They have a great customer support team. Charles has helped me many times. Their app is also quite nice, you can add many product options to your store. Definitely worth a try to see if it works with you.",true
The Smoothe Store,5 out of 5 stars,"November 1, 2024","Easy to install with clear instructions, and it works great! I had trouble displaying a feature late at night, but Anne promptly helped in chat and resolved it quickly. It turned out to be an ID-10T error, but Anne was patient and gracious. Thanks for an excellent product and responsive support!",true
Dizzy Dog Collars,5 out of 5 stars,"October 30, 2024",I am SO impressed with this app. It is so much easier than the others Ive used and am very appreciative!,true
La Mouche Jewlery,5 out of 5 stars,"October 29, 2024",The app goes above and beyond and the support team were super helpful when it came to tweaks and adjustments I needed. They were very responsive and dedicated.,true
MaKefeile,5 out of 5 stars,"October 29, 2024",easy to use,true
UniformsNI,5 out of 5 stars,"October 28, 2024",,true
Buy A Sign,5 out of 5 stars,"October 28, 2024",,true
Goldmark,5 out of 5 stars,"October 28, 2024",Great app and service. We had a modification that we wanted doing and the team at Easify did it straight away for us. Fantastic communications. Couldn't recommend them more.,true
Floorfinity,5 out of 5 stars,"October 28, 2024",Very powerful app and super friendly staff,true
Display Schutz24,5 out of 5 stars,"October 27, 2024","Sehr schöne App und der Support ist echt Klasse!

Vielen Dank an die Lin die mir geholfen hat.

Wenn ich wieder mal Hilfe benötige wende ich mich an die Lin wieder :)",true
Dansk Møbeldesign,5 out of 5 stars,"October 26, 2024","Great product, easy to use, many options and great support",true
Cheapid,5 out of 5 stars,"October 24, 2024",Thank you so much for helping me Hannie. You did a great job for assisting me in this app.,true
Dukemi,5 out of 5 stars,"October 24, 2024","It's the only Variant and Option for products that does every basic thing.
I would also mention that the support is really helpful!
Again thank's Hannie.",true
Cornhole Central,5 out of 5 stars,"Edited July 18, 2025","Great app -- lets me add options exactly how I want, for customization, or upgrades, the works. Support is surprisingly good -- Clove patiently helped me sort out something I needed help with.",true
mairlynd,5 out of 5 stars,"Edited June 22, 2025","I’ve been using the Easify app for my store to create variant bundles, and I couldn’t be happier! The app itself is fairly easy to use, and it has all the features I needed to streamline my workflow. But what really sets Easify apart is their incredible support team. Every time I’ve had a question or needed help, they responded so quickly and were beyond patient with me. They really took the ...",true
Vintage Art Garage,5 out of 5 stars,"October 22, 2024",Lich answered my questions promptly and app is working great!,true
idcake,5 out of 5 stars,"October 21, 2024",bien,true
Holistic Goddess Collective,5 out of 5 stars,"October 21, 2024","Such a great app to customise variants for my customers. The team are also wonderful at helping with any query or problem. Fast and Efficient, Highly Recommend.",true
Boemo,5 out of 5 stars,"October 21, 2024","I found this app very good to add some extra options to my product page. I use it to let the customer add gift wrapping to a product and add a personalized note like Happy birthday! :) Did not expect to have so many options and conditionings, very versatile.

Had a little problem with personalizing the colours directly from the dashboard of the app, but the support was very helpfull and quick to ...",true
Krishna Padia,5 out of 5 stars,"October 19, 2024","I'm highly impressed with this app, but even more so with the team behind it.
It provides a wide range of features and options, limited only by your creativity in crafting a seamless shopping experience for your customers.
What stands out the most, however, is the support team and their dedication to ensuring the best user experience with the app. They are responsive when you reach out and ask ...",true
Favor Graphics,5 out of 5 stars,"October 19, 2024",This app is very helpful and has solved my issue. The support team acted quickly to help me figure things out. Excellent app! I highly recommend it if you run a personalization store. Thank you very much!,true
Pennsylvania General Store,5 out of 5 stars,"Edited April 16, 2025",They are great! The app is easy to use and support is extremely helpful. You wont be disappointed!,true
Algarrada Melissa,5 out of 5 stars,"October 18, 2024","Easify Product Options is exactly what I was looking for for my webshop. Setting up different product options is super easy and flexible. What I particularly appreciate is the user-friendly interface and the variety of customization options. I can effortlessly add unique options to my products without any complications.

The customer service is also fantastic! Whenever I had questions, I received ...",true
Mystic Garden,5 out of 5 stars,"October 17, 2024","Customer service is just amazing, they help you out and it works like a charm!",true
Cute Customs by J & C,5 out of 5 stars,"October 17, 2024","I would just like to say i was stressing out so much on how to get something right on my shopify page with multiple options and then came across Violette on easify who was helping me get it right. Thankyou Violette for all your help, im now no longer stressed and very happy with the service.",true
Blossomrri,5 out of 5 stars,"October 16, 2024","It offers exactly what I needed for my store. And the support was exceptional. They were quick to respond, and efficient. I was helped regardless of how many questions I asked. They did it effortlessly. And they were able to help me entirely with my problem.",true
Rainforest Studios LLC,5 out of 5 stars,"October 16, 2024",I originally downloaded the app so I could offer variants that pulled from the same inventory stock versus the default way Shopify assigns inventory stock to each individual variant. I quickly realized that this app could do so much more for my website. It makes offering customization to my customers so easy and intuitive. The app is very user friendly in my opinion and very versatile with all ...,true
Sparkle Name Badges,5 out of 5 stars,"October 14, 2024","Great app! Does everything I need. I had some issues with setting up and support is incredible, Violette helped me through every step and they also have very responsive online chat!",true
Owlivera Designs Store,5 out of 5 stars,"October 12, 2024","Once you figure it out, and you don’t always do on your own, it works great. At first I thought about giving it 4-stars because it can still improve on guiding the end user to complete certain steps, but I also have to admit that their technical support is spot on and make up for it. If I was to do it all over again, I’d do it. Highly recommended!",true
PrintsDirect.au,5 out of 5 stars,"October 11, 2024","This app is great and the support that Anne has given me has been terrific .I appreciate your support very much .
Thankyou Anne",true
Mdnmd,5 out of 5 stars,"October 11, 2024",It works! Customer service is also great,true
Any Custom Print,5 out of 5 stars,"October 11, 2024","I could not recommend this app enough, I had a quick and complicated question and Violette helped me out. Extremelly recommended",true
Faded Barn Customs,5 out of 5 stars,"October 10, 2024","This is my first time setting up a website. I had no idea what I was doing. I make a lot of custom products, and the Easify App was recommended to me. It's been amazing! I was able to figure out most, but for the things I was unsure of, I contacted support, and was greeted with kind, helpful people. Throughout this process, I've had help from Lich, Violette, Charles, Hannie and Karina. The ...",true
Sweetheart Prints,5 out of 5 stars,"Edited July 19, 2025","Excellent app, the interface is easy & the pricing is great for a small business. The customer support is the best. Any issue or question I have, they’ve solved, and done it quickly. Great app & service.",true
ShoppingZoneAU,5 out of 5 stars,"October 8, 2024","I cannot adequately express how simply awesome this app is. Violette and the team have been super helpful all the way through, and I've ended up with exactly what I wanted to achieve. This app has been a game changer for my business and have enhanced my designer mugs perfectly. Thanks so much team! :)",true
Grabvam.bg,5 out of 5 stars,"Edited October 10, 2024",After few email with the owner of the app everything works perfect and i recomend this app.,true
HeroPOP,5 out of 5 stars,"October 6, 2024","La app es una auténtica pasada y el soporte mejor ni opino, todo increíble, un 10 sin lugar a dudas.",true
MPM Motorcycle Mat,5 out of 5 stars,"October 5, 2024","This app was conflicting with another application on a software level. However, when we contacted the support team, they quickly provided us with a solution and resolved the issue. It is now working without any problems. Thanks for the quick support and solution.",true
honeycombliving,5 out of 5 stars,"October 4, 2024","I have been using this app for a few weeks now and am absolutely loving it. After using another app on my store for years, the change over to this one has been seamless and so much easier to add different options into my store. The support is incredible and I am so glad that I found this app. Would highly recommend!",true
Not The Same,5 out of 5 stars,"October 4, 2024","Very helpful, and the customer service couldn't be better!",true
CECCE,5 out of 5 stars,"October 1, 2024","Great product. Had a problem setting it up by myself, I contacted Hannie using the chat and within minutes I was up and running.",true
Jordan's Outdoor Fun,5 out of 5 stars,"October 2, 2024","Hannie is the best, I tried a few different option variant apps but this is by far the easiest to setup and get going. Also Violette from the team solved my issue completly and set it up so i could understand. now i have exactly what i am looking for more or less :D",true
Halcyon Ceramics,5 out of 5 stars,"September 30, 2024",Had some issues at first but Violette and Charles patiently helped and guided me through resolving them. Best customer support and it's more affordable than other options in the app store too!,true
Blind As A Bat Reading Glasses,5 out of 5 stars,"September 30, 2024",Excellent. App did what it was supposed to do straight out of the box and setup/installation instructions were easy to follow. Violette was very helpful with some fine tuning that we needed done.,true
My Workwear Online,5 out of 5 stars,"Edited July 27, 2025",Great app! Anne is very helpful,true
Bailena,5 out of 5 stars,"September 29, 2024",Great App. Great Support Team. 100% Recommend,true
AnimalReskue.com,5 out of 5 stars,"September 29, 2024",Very nice app. Great support. I had few questions setting up options sets and Hannie was very helpful!!!,true
Stones Collective,5 out of 5 stars,"September 29, 2024","Awesome product, pretty easy to figure out and apply to a Product template. Wish I had found this about 4 hours ago!",true
C-Gastronomi,5 out of 5 stars,"September 29, 2024",Hurtigt og præcis service. Helt fantastisk,true
Meldivina Design,5 out of 5 stars,"September 28, 2024","Ich bin sehr zufrieden mit der App. Ich habe mir viele Anbieter dieser Art angesehen, aber diese gefiel mir am besten und die App ist erfreulich erschwinglich. Die vielen Funktionen helfen meinen Shop noch professioneller aufzusetzen. Besonders die Funktion URL Links als Optionen zu nutzen finde ich genial! Zuerst hatte ich Schwierigkeiten, aber Hannie hat mir schnell und unkompliziert geholfen. ...",true
AKD Ink,5 out of 5 stars,"September 28, 2024",Support is amazing and the app works as expected.,true
BE IN MY HEART,5 out of 5 stars,"September 28, 2024","Best Support Team behind Great App!

Great app with outstanding support! The customer support is immediate and awesome. I had few issues setting up with my site, but the support team was incredibly responsive correcting them all.",true
Line & Stitch,1 out of 5 stars,"September 27, 2024","BEWARE!!!!!

This is the worst app ever, period. I had used it for over 6 months and have lost so many businesses because of it. I have over 100 different option sets so migrating to another app means many many days of precious time and hard work lost to no avail.

1. It's very buggy and slow and hard to use. You literally have to save your work every 10 seconds other wise it may get lost.

2. It's ...",true
IronWroughtDoors,5 out of 5 stars,"September 26, 2024",An attribute product option APP with very comprehensive functions that match our shop. We are very impressed by their prompt customer service and tech support. Thank you.,true
The Sweet Table Shop™,5 out of 5 stars,"September 25, 2024","Very impressed with this app but even more, the team behind it.

It offers features/options that are only limited by your imagination in creating a smooth shopping experience of offers to customers.

Now the most impressive part of all this is the support team and their commitment to provide the best interaction with the app. They are on-point when you contact them, they ask all the right ...",true
MurdyCreativeCo,5 out of 5 stars,"September 25, 2024",The app is so easy to use and works wonderful with our store. The customer service is A+++. They are always there to help and even made it work with a new shopify theme that wasn't previously supported by their app. I have used similar apps in the past but Easify has gone above and beyond in their support. Keep up the good work. I cannot recommend this app more.,true
MaisonDuTemps,5 out of 5 stars,"September 25, 2024","Many thanks to Easify for building an almost bespoke application for our product customization.

Thanks also to Anne, Lich, Lin and Violette for their collaboration on the chat.

Great work!",true
Wish Your Gifts,5 out of 5 stars,"September 24, 2024",The app is solved my all the problem and the customer support is also very good. Team is great.,true
XeneDragon,5 out of 5 stars,"September 23, 2024",Very easy to use and the support is extremely helpful. I got what I needed and help from staff within less than an hour.,true
Takumi Studios,5 out of 5 stars,"Edited April 4, 2025",Very helpful team,true
VALENZA shop,5 out of 5 stars,"September 23, 2024",Great app and excellent support. It's really easy to setup and really useful with its many customization options. The chat support is really fast and helpful.,true
Pine Tees,5 out of 5 stars,"September 22, 2024",Exceptional Customer Service! I'm a total newbie and have had the worst time trying to get Shopify figured out. I added the Easify Product Options Variant and ran into an issue. Hannie was my rep and helped me fully understand what I was doing wrong and how to fix it. I'm so thankful!!,true
Nikki's Attic,5 out of 5 stars,"September 22, 2024",I don't normally write reviews but today I was put in touch with Lin & They were super patient & kind and talked me through step by step what i had to do. I had a traumatic brain injury and now I struggle to hold conversations. Tech people often get impatient with the time it takes me to type & struggle when I get confused and find things hard to understand. I did have my husband helping but I ...,true
AromaGnome,5 out of 5 stars,"September 20, 2024","My store offers a variety of options and the basics were not cutting it for my needs! Easify has so many amazing customization options and when I got stuck and needed assistance, Karina from customer support was so helpful providing articles, options, screenshots and patience as she worked to figure out how to explain my needs and make what was in my head become reality! Thanks Karina! Can't wait ...",true
Zahra Label,5 out of 5 stars,"September 20, 2024","Hoa and Easify is great!

Viollete in the other hand is telling me to check for other apps instead of Easify.",true
LaserNonna,5 out of 5 stars,"September 20, 2024","All I can say is AMAZING! We installed three apps to help us with variation and they all were no where to be found for support. Then as a last resort we loaded this...and within minutes we had the support we needed to understand how to get this going on our website. Hannie was patient and professional and we are so grateful for all the patience and hard work! I recommend 100%

UPDATE...the next ...",true
Outdora,5 out of 5 stars,"September 19, 2024",This is by far the best variant app we have used to date. The team is very responsive and quick. They addressed all of our needs and had us up and running in very little time.,true
ColourCrafts,5 out of 5 stars,"September 19, 2024","Best Support from Team, Lin is the person who addressed my issue,
Spent more time with my issue and solved it perfectly

Well done team!",true
beigecraft,5 out of 5 stars,"September 18, 2024","I had a fantastic experience with Anne from Easify’s customer service. She was incredibly proactive in investigating my questions and provided clear, timely solutions that made a real difference. I appreciated how she kept me informed throughout the process, which really put my mind at ease.

The app itself was also user-friendly, making it easy to navigate my concerns. Anne's dedication and ...",true
AOSKY,5 out of 5 stars,"September 19, 2024","It's a very good program.
Anne and vivolette is so good",true
Platera Romania,5 out of 5 stars,"September 17, 2024","An excellent and easy-to-use app!

I’ve been impressed with how simple Easify App is to use for customizing products. The interface is intuitive and user-friendly, making the whole customization process incredibly smooth, even for beginners. The app is highly functional and offers all the features I need to create personalized products with ease.

On top of that, the customer support has been ...",true
Grey and A,5 out of 5 stars,"September 16, 2024",This app is awesome! I'm able to create listings that I never normally would without Easify. Any time I have had questions support is quick and helpful! Charles especially has gone above and beyond to help guide me in getting listings the way I want them.,true
GleeBeeCo,5 out of 5 stars,"September 16, 2024",Very solid. It does everything I needed and more. Great support. I feel no desire to explore other similar apps as this one checks all the boxes. A+,true
Thoughtfully Cards,5 out of 5 stars,"Edited May 28, 2025","Excellent customer service. I am new to building a website and this app is instrumental for the personalized products I sell. This team has been so quick to respond and help me with any questions or requests I have had. So grateful for them.

5/28/25 - Had another issue with adding the customization options to my packing slip. Anne and the Easify app team were very responsive and resolved my issue ...",true
Backyard Galleria,5 out of 5 stars,"September 15, 2024","I reached out to Easify with an issue I was having and they were prompt to respond. In less than 48 hrs, they had corrected my issue and made sure it would not happen again. Excellent service!",true
Audrey Gustafson Art,5 out of 5 stars,"September 14, 2024",Just started using and received wonderful support from Lich!,true
Form Material Colour,5 out of 5 stars,"September 13, 2024","Good app! Lots of add-on pop-ups, buttons etc for the product page. Easy to set up and quick to use. Very customisable so can fit your website design easily. Lich from Easify was very helpful in tweaking the design I required.",true
Wavyleaf,5 out of 5 stars,"September 11, 2024","This is the best bundle app we've used, much more functionality than any others we've tried. And the customer support is great - Charles and Hannie helped get our request resolved quickly.",true
Foto in glas,5 out of 5 stars,"September 10, 2024","This app is exactly what I needed.
The support is great, and very fast in their response.",true
Wexler,5 out of 5 stars,"September 5, 2024","Best thing we can say about them, is that they've give us a lot of attention to what we need, and they've solved our problems in no more than 24hrs.",true
Fine Scrubs,5 out of 5 stars,"September 5, 2024","The customer support is immediate and awesome. Violette was helping me to customize option for my very specific theme. Thank you so much, guys! Really cool app and cool Team behind it.",true
BeeBeeBuys,5 out of 5 stars,"September 5, 2024","Charles, Violette and Anne are superb they have helped me to figure out this app and I am now on my way. thank you so much guys.",true
Ma boutique,5 out of 5 stars,"September 4, 2024","The app is easy to use and perfect for customized items.
Lin was really helpful and reactive when I reached the chatbox !",true
Apex Sim Racing,5 out of 5 stars,"Edited March 21, 2025","Lich and the team have helped us countless times with our option sets. Our use cases are highly specific, and every time, the team has gone above and beyond to help us find the best way to use the tool to meet our needs.",true
Sablen.dk,5 out of 5 stars,"September 4, 2024","A very great option app - with even better support.
A huge recommendation from me.
Anne in the support is fantastisc - very responsive, skilled and customer minded.",true
Madaras Gallery,5 out of 5 stars,"September 4, 2024","Violette is so helpful!
I want to cry since she helped me to solve a issue that bothered me for a long time! Thank you so much!",true
TAKURA,5 out of 5 stars,"September 2, 2024","La aplicación ha funcionado muy bien y nos permite hacer que nuestros productos sean fácilmente personalizables. Todas las veces que hemos contactado a soporte han respondido en menos de 24 horas y siempre se pudo dar una solución. Quiero destacar la ayuda de Charles quien nos ha colaborado varias veces, ha sido muy amable y trabajó con nosotros hasta que se diera una solución.",true
Taylor Payton Investigations,5 out of 5 stars,"September 2, 2024","From what I can tell and have experienced, the App and service have been great so far. Violette made quick changes that worked well.",true
The Baking Chemist,5 out of 5 stars,"September 2, 2024",nice cs,true
Madera Blinds,5 out of 5 stars,"Edited May 22, 2025","I’ve been using the app for a while now and I’m very satisfied with it. Today, I ran into an issue with one of the app’s features, and Tracy helped me resolve it excellently. Despite the fact that I made a few mistakes, she remained kind and polite throughout. Many thanks!",true
Itsara bijoux,5 out of 5 stars,"September 2, 2024","Une app complète et une équipe au top.

Easify a toutes les fonctions qui nous intéressent, et bien plus. Je n'ai pas d'autre expérience, mais celle-là est top, et elle fait partie des moins chères. C'est facile à prendre en main, intuitif. Sans aucun doute recommandable.

Réponse dans les 24h, ils ont le bon goût de dormir, donc ne vous attendez pas non plus à des réponses instantanées 24/24 si ...",true
My Store,5 out of 5 stars,"August 31, 2024","This tool has helped us capture additional custom data fields for our Shopify store. So far, this is working how we expect it and is a valuable addition to our own Shopify experience.

Also, the customer service has been top notch! Violette and Charles were very responsive and helpful in understanding our questions, and then providing us real, workable solutions! That is very rare to find these ...",true
The Kitchen Arena,5 out of 5 stars,"August 31, 2024",My customer support agent was Violette. My problem was solved very quickly without any time delays and without causing any troubles.,true
Dodin Biarritz,5 out of 5 stars,"August 30, 2024","I recommend this app for personalising products, the customer service is quick and efficient. Shoutout to Lich who helped me out.",true
My Store,5 out of 5 stars,"August 29, 2024",Amazing support!!!,true
Katherynloche,5 out of 5 stars,"August 29, 2024",Great apps and customer service! The team helped me to do some customisation for my online store. Looking forward to starting using the app soon.,true
Aquarylic,5 out of 5 stars,"August 28, 2024","Great app with outstanding support! I initially had some difficulties setting everything up, but the support team was incredibly responsive and dedicated to helping me find the best solution. A special shout-out to Lich and the entire Easify team for their exceptional assistance.""",true
Country Proud USA,5 out of 5 stars,"August 26, 2024","Violette immediately created a video to walk me through my questions and I was up and running 2 minutes later. Inexpensive, tons of options; truly a superior app. I'll absolutely recommend to my fellow designers and Shopify owners! Now I have extra money for almost no money lol. Rocks my world no doubt :)",true
HerSize,5 out of 5 stars,"August 23, 2024",Violette was very helpful and fast to answer all my questions and concerns. Exceptional customer service. :),true
Case X Kingdom,5 out of 5 stars,"August 22, 2024","Hands down the best options app you will ever need! The development team is super quick and Viollette was super great at communicating and getting my specific issue sorted within 2 business days! Previously used infinity options, which lacked this level of support. Now migrating all my option sets over to Easify. Thankyou again Team",true
NYC Bouquet Delivery,1 out of 5 stars,"August 21, 2024","This is the worst app I have ever used in my life. All the time I spent setting up this app feels like a complete waste. So many errors—literally dozens of them. Even the basic functions don’t work. Today, my customer made a payment, but the options I set through this app were not reflected during checkout, so I had to send the product at a loss. I can’t believe such a ridiculous situation is ...",true
SilverOrigins,5 out of 5 stars,"August 21, 2024",The app wasn't quite behaving how we wanted but Violette from support was super quick to assist and get the app working perfectly!,true
DreamBrandCreate Inc.,5 out of 5 stars,"August 20, 2024",So far we are happy with how easy the app is to use and they offer endless choices for customizing product options. One of the main reasons why we love using Easify is that they have a super-responsive support team. They respond within 24 hours and help you figure out any issues that may come up - big or small! We highly recommend this app. Thank you Easify!!,true
BuyEcEc,5 out of 5 stars,"August 20, 2024","Excellent customer service 24/7. No complaints.
Very technical and they don't mind hours to dig into my problems
App have so many features which is outstanding than others.
They follow the trend to develope new features. That is not too many apps will do.
Very clear instruction and guidelines. Video course is great for beginner. I am glad that I can use this app.",true
Zenox,5 out of 5 stars,"August 19, 2024",I tried out serveral similar apps and this app easy to use and implement!,true
Pacific Basket Co.,5 out of 5 stars,"August 19, 2024",Charles at tech support was extremely helpful. In a matter of minutes he helped me figuring out a few issues I had with my product options and conditions. Highly recommend this app!,true
Stadtcollagen,5 out of 5 stars,"August 19, 2024","Great App and even greater support. We had special requirements for a complex product set-up with multiple variants which we needed to combine. Easify developed a great solution for us for a really competitive price.
Thanks a lot you guys!",true
NicQuit,5 out of 5 stars,"August 18, 2024","Works perfectly, and has tons of options. I cant imagine a situation where it wouldn't work. There was a slight bug that happened with my theme and when i contacted them the had it fixed the next day. Really fantastic support and functionality. Would def recommend.",true
Because International,5 out of 5 stars,"August 16, 2024","Happy with the features and flexibility of the app so far, and especially happy with the customer service. Violette was quick to help us solve an issue ahead of our site launch.",true
Chic TECH,5 out of 5 stars,"August 15, 2024",The team at Easify have been amazing! They've helped me setup all the options for my website. Thank you Violette! :),true
Halo Sweets,5 out of 5 stars,"August 15, 2024",Amazing app. Easy to use and a great selection on option sets to choose from with easy customisation with colour and fonts and sizes. Customer service is incredible. always able to help and i haven't ha a question that has gone un answered and they always fix any issues i have extremely quickly as-well. highly recommend.,true
Lauren Blue,5 out of 5 stars,"August 15, 2024",Amazing app and support !,true
SunshineGraphicsAustralia,5 out of 5 stars,"August 13, 2024",So far App has been working well and Charles from the support team has been very helpful,true
Stripeypeach,5 out of 5 stars,"August 13, 2024",I had trouble sorting the layout of the product options so I hopped on the direct messaging with the team and spoke to Lich - they sorted out the issues really quickly for me - I highly recommend this developer!,true
PORTHO MALL USA LLC,5 out of 5 stars,"August 12, 2024",Excellent Support with Excellent Features,true
Gavin Dobson Fine Art,5 out of 5 stars,"August 11, 2024",great,true
YoursTrulea,5 out of 5 stars,"August 10, 2024","This app is a fantastic addition to my shop offering numerous options for a personalized experience. Customer service is very courteous, helpful and quick to respond. Violette was a pleasure to speak with and any issue has always been promptly solved.",true
Roderick Sebastiaan,5 out of 5 stars,"August 9, 2024","This app is saving me so much hassle when trying to make products with a LOT of variants. I have an Art Gallery which sells prints on multiple mediums and has multiple Floater Frames etc.

Now I just make a base product (the image/scan of painting) and let this app work it's magic. The images even change when selecting options.

The customer service is top notch and they even help you set things ...",true
MyFamilyMyHome,5 out of 5 stars,"August 9, 2024","Awesome experience with this app! Not only is it incredibly user-friendly and packed with useful features, but the support team went above and beyond to help me get everything set up perfectly. Big thanks to Lich and Charles for their responsiveness! I highly recommend both the app and the support team.",true
Chunky Deli,4 out of 5 stars,"August 8, 2024","Some missing features, but the team is great to work with and has helped figure out solutions throughout the process. Definitely test out your integrations to make sure they are working as expected and data is not being lost.",true
Psychic DoPe Design e.K.,5 out of 5 stars,"August 8, 2024","Great App, but what is more important for me, is the support. Quickly and gently. Great",true
Bat Conservation International,5 out of 5 stars,"August 8, 2024",The Easify app is very versatile and there are so many features available just on the free version. Support staff are also very quick to reply and assist you. I was able to get assistance within a few minutes to change the size of a checkbox. A solid app with solid service!,true
YophieMade,5 out of 5 stars,"August 8, 2024",Customer service is really nice. Violette helped me a lot and responded fast.,true
Crafts With Crashley,5 out of 5 stars,"August 7, 2024","So far this app is doing what I need it to do. There are a few things that I would like to have more streamlined, but I have yet to find an app that does. Now, that being said, I can say that any issues I have had, have been taken care of swiftly and kindly. I had an issue with the code not working properly with my packing slips, as well as the customer's cart looking like a hot mess. Violette ...",true
PurpleAspen,5 out of 5 stars,"August 5, 2024",I went to the app to ask for help and Violette came online. She quickly fixed my issue and was very helpful in telling me how to use the app. I just added it tonight and was more than surprised to get help at 9pm at night. Thank you so much!,true
The Mortise & The Hare,5 out of 5 stars,"August 5, 2024","Flexible, intuitive, and the customer service team is very responsive and helpful when I encountered an issue with it not working with my newest website theme. I will be using this app for years to come and appreciate the wide range of options i can use for my store.",true
MPT Performance,5 out of 5 stars,"August 5, 2024",Great dev team to work with on any questions.,true
Silky Baby,5 out of 5 stars,"August 3, 2024",I recently installed the app on my Shopify webshop and we are working hard to go live. The Easify team has supported us very well in the support they have given us so far. I am enthusiastic about the use and the service.,true
Love Catcher,5 out of 5 stars,"Edited May 14, 2025",You were very patient in helping me solve the problem. Thank you!,true
LiLea Education,5 out of 5 stars,"Edited February 12, 2025","This app is amazing. You have so many option to put content on your productpage. You have a bulk modus where you can create any number of options at once, really nice.

I had some little issues to display the options, because i use different sections in my theme.

I contact Lich in the chat and this issue was solved in 5min. Thats it, all works perfectly.

I need some really big adjustments, with ...",true
Rapidcare Portal,5 out of 5 stars,"August 2, 2024",Incredible app and fast and helpful support. Highly recommend to any business!,true
Orio Store,5 out of 5 stars,"August 1, 2024",Me han respondido y ayudado todas mis dudas,true
Trankil-QC,5 out of 5 stars,"July 31, 2024",I have spent a lot of time searching for an app allowing me to do a specific thing and Easify made it easy. Violette from customer service went above and beyond her job and helped me fixing many things. 5 stars for sure !,true
LA ALPHA,5 out of 5 stars,"July 30, 2024","This app was just what our organization needed to gather a few more details from customers before checkout, especially since our operating model would not really justify ""advanced"" or ""plus"" plans. As a free user, I did not expect the real-time chat support to be so amazing. They really do know Shopify and their apps better than anyone and could not have been more helpful with my issue (which was ...",true
Atticgo,5 out of 5 stars,"July 30, 2024","Really helpful support, Violette is fast and really friendly! And the app is just perfect for our needs and easy to set up.
Happy with Easify",true
Pet ID Tags,5 out of 5 stars,"July 29, 2024","THE ABSOLOUTE BEST OPTIONS APP!!!
I have used many different variant options apps over the last 10 + years for printed custom products and so far this one has been the BEST !! Its user friendly and super easy to setup with many options available! So far I cannot fault it! The support I have received from Charles was 10/10 EXCELLENT, he helped me get started by sending me a video on how to setup ...",true
Animus Medicus GmbH,5 out of 5 stars,"July 29, 2024",Great app - great support. thats what we were looking for since weeks. thank you very much,true
MyUnique,4 out of 5 stars,"July 28, 2024","Amazing app, just a few limitations when it comes to customizing the appearence of everything which is why I'm not going it a 5star. I had help from Charles seting up and he was an amazing help, super friendly and really helped me solve my problems quickly, thank you!",false
Taleology,4 out of 5 stars,"July 28, 2024","I always like to wait before rating an app to truly understand its function. One reason I went with Easify was because of the easy UI to get it set up.
In general it is a great application for any shop that needs variants like text fields, add ons, etc.

PROS:
I have always had quick customer service and even some custom work done when a particular issue with the UI was colliding with my shop.

...",true
FLYING HIGH - THE LABEL,5 out of 5 stars,"July 26, 2024","After searching for an app that combines two products into one, I finally found this one. The support was also able to help me with all my questions. Great app",true
Copenhagen Sofa Lab,5 out of 5 stars,"Edited June 2, 2025",,true
La Maison Du Macaron,5 out of 5 stars,"July 24, 2024",I highly recommend this app. We use this app for multiple stores and it provides wonderful solutions no matter what you might need to solve. On top of a great app the Support Team is amazing. They are always willing to jump in and see how the can help and have been great providing us with work-arounds or solutions to any issues/changes we need.,true
Sunstone Welders for Jewelers,5 out of 5 stars,"July 24, 2024","Violette, Lich, and Charles have gone above and beyond to help me in the setup of Easify. The app is extremely capable and we've seen great success with up-selling customers using this app.

The only reason I needed help with the setup was due to my user error. I haven't found any situations where this app has limitations that affect our goals. We have complex systems in place and Easify ...",true
YOMGUI Création,5 out of 5 stars,"July 24, 2024","Utilisant cette application pour une boutique en France, elle est simple d'utilisation, complète et à un tarif compétitif par rapport à toutes les options de personnalisation qu'elle propose. L'ensemble est assez simple d'utilisation, et en cas de problème leur support d'aide est très réactif. ils ont trouvé la solution à mon problème rapidement (merci Violette).",true
Cosmetic Safety Solutions,5 out of 5 stars,"July 23, 2024","Fully recommend. App is excellent, with so many features enabling truly custom product options. Support is outstanding.",true
Duck King Decoys,5 out of 5 stars,"July 21, 2024",Wonderful app and experience.charles is excellent and helped with all my needs . will definitely reccomend!,true
Pick 'n' Mixtures,5 out of 5 stars,"July 19, 2024",Amazing app and super helpful staff. We've input this app and upgraded from another app we've used and the team here and the features have been fantastic! Can't recommend it enough.,true
SB737 Store,5 out of 5 stars,"July 19, 2024","Really good app, does exactly what it says. I had a small issue with my theme compatibility and Violette was so friendly and quick to help and solve my problem. I would definitely recommend Easify :)",true
Lakeline Design,5 out of 5 stars,"July 18, 2024","Exceptional services and a supportive team for customization. Lich excels in customizing and responds promptly, as do the other team members. I appreciate the user-friendly design of their application.",true
Designfabrik Hamburg,5 out of 5 stars,"July 18, 2024","Nice and flexible app with more than flexible support!
Some options just looked too different from my theme and I was not able to customize it via the app. Violette and her developers fixed the issue with some custom code in no time.
Can recommend :)",true
Electric Cleaner Company,5 out of 5 stars,"July 18, 2024",Awesome plugins with superb support,true
Implant Club,5 out of 5 stars,"July 15, 2024","Very great customer service team, Charles was a great help! Still working on implementing this app plugin into the shop but so far it seems to have most of the functionalities I need!",true
Taurus Woodshop,5 out of 5 stars,"July 15, 2024","So far this app has been awesome, it has allowed me to add the specific customization & personalization options I was looking for. Many features available and Easify are always looking to develop new options and features.

The few times I have had to contact support they have been very fast to respond and if they didn't have the answer at the time they will look into it and actually get back to ...",true
Wonderful Octagon,5 out of 5 stars,"July 15, 2024",The app is friendly and has an enthusiastic and fast support team,true
Hill Country Mum Kits,5 out of 5 stars,"Edited June 2, 2025",Do not give it another thought - use this app! The customer service is over the top. They are so easy to work with and do things I didn't know were possible. We ask a lot of the app and needed even more and Charles came through and was very fast! If you have any issues at all just use the chat and watch them work their magic. Charles you are amazing and I can't thank you enough for your help. ...,true
Triple One Designs Australia,5 out of 5 stars,"July 12, 2024","My first time using Easify and although it's quite easy to set up, I had to reach out for some support.
I was greeted by Violette who was very helpful, quick to respond and solved my issue
Very happy and have confidence knowing support is available",true
PopStamp,4 out of 5 stars,"Edited January 9, 2025","As a developer, I need to be able to modify/customize/access certain type of data, from the theme files. Although it is not possible to access everything or I don't have the knowledge to do so, the Easify team was available to help me and my team to deal with our requirements.",true
Wild Pansi,5 out of 5 stars,"July 10, 2024",Support is very good and the app is great!,true
BANGS Shoes,5 out of 5 stars,"July 10, 2024",Figured out the issues with no problems! Very helpful and prompt responses 10/10!,true
Embroplace,5 out of 5 stars,"July 10, 2024",Convenient and simple application with many functions. Top level support. I recommend.,true
Sinclo,5 out of 5 stars,"Edited May 4, 2025","Love it! So easy to use and gives me so much control of customising our products without having to pay or rely on a developer to do the work or make changes for me. Both Violette and Charles have been beyond helpful with any questions I've had with setting up.

My only request is to PLEASEEEE release the option to have a preview on our products of the customisation - then it will be absolutely ...",true
FanFair,5 out of 5 stars,"July 9, 2024","5/5 Support is excellent and quick.
I've tried almost all of the product option apps and this one is by far the most customizable.
Features I love, that I haven't found common in other apps:

- option groups
- combining the base product with the add-ons in the cart so that customers can't delete the main product to just pay for the add-on
- editing in cart",true
GermanSimRacing,5 out of 5 stars,"July 9, 2024","Great support, helped us a lot!",true
Wreath,5 out of 5 stars,"July 9, 2024","Lich, Lin, and Violette are exceptionally amazing and attentive to their customers needs. Patient and caring to each issue raised and informative.

Easify is an amazing app. Highly recommended!

Best team!",true
Christian Supply,5 out of 5 stars,"Edited March 15, 2025","This app is amazing! I used four different variant apps before finding this one that does everything I need. Plus, the customer support is very timely and efficient at helping with any questions or concerns. I really appreciate Anne helping me with my questions. I highly recommend this app!",true
stencilshop.nl,5 out of 5 stars,"July 8, 2024","Hoa is the best support worker, fast and good help",true
RankinsJewellers,5 out of 5 stars,"July 4, 2024",Violette and Hoa from Easify were an amazing help - they have fixed multiple pricing issues we have had. Couldn't recommend enough. The app is also easy to understand and looks really nice on the website. Thanks again!,true
AlpadaDoors,5 out of 5 stars,"Edited May 1, 2025","Huge thanks to Anne for the quick and thoughtful support. I had a specific UX issue with the Easify options loading late and causing layout jumps. Anne and the dev team responded fast and implemented a fix that made the options render right after DOMContentLoaded — exactly what I needed. Everything loads smoother now, and the user experience is way better. Appreciate the dedication and technical ...",true
The Fluffy Tales,5 out of 5 stars,"July 2, 2024","I never thought I'd find the perfect costumized-product solution and have actually been so worried that I wont be able to launch my products in a good way. I'm new to Shopify, so I've had many issues through the process, but the Easify-team has helped me forward and I'm forever thankful for their amazing service! Highly recommend!!

Big thanks to Charles, Lich and Violette!",true
Karts And Parts Ltd,5 out of 5 stars,"July 2, 2024","Struggled getting my head around the app to begin with but the support team pointed me in the right direction pretty quick smart, the app is actually very simple to achieve what I was trying to achieve. Big thanks for the help again.",true
Rulaer,5 out of 5 stars,"July 1, 2024","Nice service, Nice function",true
Gillian Gandossi,5 out of 5 stars,"June 29, 2024",I was really impressed with the level of service. I was having issues with the app functioning on my store due to the theme specifics. The technical support was so quick and extremely helpful. Both Charles and Lich were professional and patient. I am also impressed with how useful the free version is. Between the high quality of the free version of the app and the support I would have full ...,true
babykoo-baby,5 out of 5 stars,"June 29, 2024","I'm really happy with Easify Product Options. It's incredibly useful for customizing our products and makes everything so much easier. The interface is simple and straightforward, saving us a lot of time and effort. Highly recommend it!",true
Smith's Candy Co.,5 out of 5 stars,"Edited August 14, 2025","I’ve been struggling for months with getting my discount code to work at checkout with any Easify options. I’d spoken to several people at Easify before, but the issue was never resolved. Then I had the pleasure of speaking with Clove and in less than 5 minutes, she fixed it!

I’m so grateful for her efficiency and expertise. Something so simple, yet so important, is now working perfectly, and it ...",true
Magnetic Prints,5 out of 5 stars,"June 28, 2024",I used the app to customise an option on the product page. Hoa and Violette were really helpful in providing some basic coding to customise the buttons to my own liking,true
THE CO-OP,5 out of 5 stars,"Edited July 28, 2025","I've been searching for an app that has the ability to be flexible and fast, Easify Options has proven to do this perfectly, the support given when needed has been excellent especially from both Charles (outstanding) and Violette (perfect job), they listened to my requirements asked questions when needed and went to work ensuring the app is a perfect fit for my shop.
Thank you.
Steve W",true
Dash,5 out of 5 stars,"June 25, 2024","It has been a great experience to add this app to my website! The app is easy to navigate and its features have significantly improved my store.
The level of customer service is great. On a weekend, I encountered a critical issue and they went above and beyond to help me.

Highly recommended!",true
SiaLinda.com,5 out of 5 stars,"June 25, 2024","We are still testing the app. So far, we can say that it works for various ideas that we wanted to implement and is easy to set up. A big compliment also to the support team, who have always responded quickly and competently. Thank you Violette for your quick help and tips on several occasions!",true
Artventure,5 out of 5 stars,"June 25, 2024",Great support. Thanks,true
Stamps Home Furniture,5 out of 5 stars,"June 23, 2024","Hoa has been so so helpful! This app is extremely resourceful and has played a major role in fixing an issue i have had on my store for years. Great app, amazing support, especially from Hoa.",true
TIFFY'S DESSERTS / BUBBY'S BON BONS,5 out of 5 stars,"June 22, 2024","The Easify app didn't work perfectly with my website template, but the Easify team was great at working on several areas to make it work. I was throuroughly impressed with their level of customer service excellence in not only showing me how to do some adjustments on my own, the team actually made some changes on their end specifically for my website. I couldn't be happier with the experience ...",true
Get Branded Workwear,5 out of 5 stars,"June 21, 2024",Great app with tonnes of features and options for customisation. Excellent and friendly customer support team.,true
Homeofhawks,5 out of 5 stars,"June 21, 2024","Recently downloaded had a slight issue with my theme. Violette was quick to help and make it work smoothly, recommend.",true
lifesatrangi,5 out of 5 stars,"June 19, 2024","This is a great app, there’s lots of features & I can’t wait to start using them. The staff is very helpful. They always respond quickly and when I wasn’t able decide how to use a feature because of a specific problem I had, Violette came up with several solutions & even went to the extent of creating a separate listing and adding in the feature to make it easier for me. Great app & great staff, ...",true
city'super neighbourhood,5 out of 5 stars,"June 18, 2024","This app is very powerful and easy to use. The customer service team is really good and supportive, thanks to Lin and Lich's quick action to help my front end to fix the UX/UI within a short period of time, strongly recommended!",true
Transmission Dionne,5 out of 5 stars,"June 18, 2024",I had an issue with translations and the support helped me very quickly.,true
Nick Rivett Sport,5 out of 5 stars,"June 18, 2024","Excellent App. It makes a complex process easy to do. Very powerful. We were able to have some of our product options use the actual shopify product, which meant we could keep a track of stock. Support is excellent as well.",true
Sport Kuhn,5 out of 5 stars,"June 18, 2024",,true
Cappla,5 out of 5 stars,"June 15, 2024","Just installed, so far setup and customization was relatively easy. I did run into one issue so I reached out to customer service via chat and Violette helped me resolve it very quickly!",true
The Rural Nation,5 out of 5 stars,"June 15, 2024","This app is easy to use and exactly what I was looking for to link POD products to appear as one listing. When I needed help with a technical issue, Violette was SO helpful! She walked me through how to fix the issue quickly. Highly recommend!",true
Hieru Sportswear,5 out of 5 stars,"June 14, 2024",I had some issue with the data not updating on drawer cart then I contacted the support team of Easify. Violette handled my issue and to be honest she was very quick to solve my issue. I would like to thank her. The app is fantastic as it completes all my requirements. Support team is very quick and very professional. Thank you Violette.,true
tishoo,5 out of 5 stars,"June 14, 2024",Violette and the team have been great in sorting out some issues with my integration. Excellent product and excellent support!,true
Felt Barn by Sruthi Sankar,5 out of 5 stars,"June 14, 2024","I love the ease with Easify. I have no technical background but found their instructions at every step very helpful in setting up some complicated combinations in my shop. The pricing is also very affordable for a small shop like mine.
However the important thing here which I must mention is their customer service. I found that some of my options were not showing up in the order page and when I ...",true
Konekt,5 out of 5 stars,"June 13, 2024","Great experience with this App. We had some doubts about customising some parts, and Violette, their support rep, jumped in and helped us set up everything just as we needed.

Greatly recommended!",true
Greenr Gifts,5 out of 5 stars,"Edited October 29, 2024","Easify, truly to it's name, is the easiest and most comprehensive product options configuration app I've found so far. I have a fairly complicated customization requirement, and after exploring at least ten other apps out there, I finally settled on Easify.
Lich and Violette helped me setup my store, and have promptly responded to questions no matter the time. Since then, many others like Charles ...",true
Uniqueness.land,5 out of 5 stars,"June 12, 2024","This app is very versatile and offers a whole toolset of features, but it didn't stop there - I had very unique requirements and contacted Easify about them... I began a discourse with Zoe, the Product Manager, on many iterations to customise the app to accommodate my requirements, and every communication was courteous, considered intelligent and knowledgeable. It was a real pleasure working with ...",true
Chou Chou Patisserie,5 out of 5 stars,"Edited March 31, 2025","I had some issues with my theme at first, but when I contacted the support of easify app they were super helpful and supportive! Great Work and nice app! Daisy and Viollete were a huge help and super friendly!! I can only recoomend them!",true
Zen Shades,5 out of 5 stars,"June 10, 2024","I highly recommend the team at Easify! They have been so helpful with the whole process of using their app. Additionally, they go above and beyond to ensure the app works well for you including any customisations you may need. I highly recommend them! Violette, Neo and Lin have been great in servicing our needs and we look forward to continuing working together.",true
Wicked Whisk Cake Co.,5 out of 5 stars,"June 8, 2024",Very helpful and glad I chose this app. The support is the best and if you can't figure it out they will make sure it gets done for you . 5 stars! Thanks.,true
Travelin' Nuts,5 out of 5 stars,"June 7, 2024","We had a few issues about how to get the app to do exactly what we wanted on our site. Today we were working with Hoa, who was really good at telling us exactly what we needed to do to get the desired result. He would send descriptions as well as screen shots to make sure everything was running correctly. We are extremely happy with the technical support from Hoa, the ease of the support process ...",true
Athelstone Football Club,5 out of 5 stars,"June 7, 2024",The Easify Product Options app is exactly what we wanted. It allows people buying multiple tickets to events to list their names and the names of others they are buying for seating plans and dietary requirements. Installation was pretty simple and Violette at support helped me finalise the install so it looks seamless to the customer.,true
Cara O Sello,5 out of 5 stars,"June 6, 2024",Amazing product and customer service! We wanted to add custom jewelry to our werbsite and this app has all the options we needed! We tried other apps but this one is by far the best one!,true
Coast Chimes,5 out of 5 stars,"June 5, 2024","One word: Amazing! For a long time I knew I needed a field for text for custom engraving, but I constantly put off the chore, thinking it would be difficult, time consuming, expensive to implement. As I received more and more requests for engraving, I realized I needed to fix this and so I searched for a solution. Someone on a forum mentioned Easify. Well, I can not believe how simple it was to ...",true
MenCity,5 out of 5 stars,"June 5, 2024","Hoa in customer service helped me with all my questions and went above and beyond to solve everything he is great, and great experience so far with the app.",true
Leatherique Australia,5 out of 5 stars,"June 5, 2024","Easify is a fantastic app, with excellent customer support. I highly recommend it for anyone who wants or needs more freedom when defining product variations. Easify does exactly what it needs to and then some - it is easy to use and perfect for everything from managing custom products to taking customer order notes.

The customer support is amazing too. Responsive, capable, and with a positive ...",true
ART-TEK CONCEPT,5 out of 5 stars,"June 4, 2024",Very good support :) thanks to (Hoa),true
Skateworks,5 out of 5 stars,"June 3, 2024","Great app to add in drop down menus, fantastic customer service!",true
Fotorecord,5 out of 5 stars,"June 2, 2024",Great support. Fast. Kind and... expert!,true
IllustrArte,5 out of 5 stars,"June 2, 2024","I have been using Easify for a while and have been very happy. I had an issue with a couple of products that I raised with support.

Violette very quickly and kindly looked at the issue and didn't just fix the issue but instead looked at how I was using the product and suggested a better way which not only fixed my issue but also made my life easier.

One hundred out of ten for Violette :).",true
Our Sweet Indulgence,5 out of 5 stars,"June 1, 2024",So easy to use and looks awesome. I needed help adding something that I couldn't work out so I contacted support and Lin answered really quickly. She guided me through what I needed and sent screenshots of step by step guides to complete what I needed. Ive had the app for hours and im already so impresses 10/10,true
Earth's Touch Giftware,5 out of 5 stars,"May 29, 2024","I got this app not having a clue how to use it.
I requested help with what I needed it to do and Violette was amazing.
She knew exactly what I was talking about and put me in the right direction and sent some extremely helpful tutorials.
With Violette's help I got it on my first try.
Customer service was outstanding.
I found it very easy to use.
Made my listing look even more amazing.
I would ...",true
J&S Custom Furniture Co l Reclaimed Wood Furniture - Solid Wood Furniture Vancouver,5 out of 5 stars,"May 29, 2024","This is a great app to invest in. If you are a pro or new to adding apps to your store, the customer service reps are there to help you in every step of the way. They know how to explain and show proper ways to do things in easy to understand ways. I have had nothing but positive interactions with them. Plus, all of the options to add to your sight look great.",true
ExoticBlanks,5 out of 5 stars,"May 29, 2024","Great application so far, but even better than that - Excellent response from Viollete and the rest of the support team fixing two issues where the app and my chosen theme didn't cooperate. Each issue was fixed in about a single business day.",true
Ghoulish Needs,5 out of 5 stars,"May 29, 2024",i have contacted them a few times even before i ever used them and they are so quick to answer and give great info that i need. Today i needed help getting my packing slips to show the variants and Violette was super quick in helping me and it worked right away.,true
My Store,5 out of 5 stars,"Edited May 11, 2025",I needed to specify limitations to a product offering. Charles ensured that he understand what I needed and quickly sent me a video of how to do exactly what I needed. This is good customer service... Thank you!,true
New Lane Road Mercantile,5 out of 5 stars,"May 28, 2024","The only application of its type that does everything you would want. Excellent support, very fast, responsive and able to come up with custom solutions. Highly recommended.",true
BÉBÉBYDUNJA,5 out of 5 stars,"May 28, 2024","This app is something amazing. Really useful with tons of amazing features that improve the overall UX.
And Violette is the best customer support rep ever. Her knowledge and willingness to assist were extremely helpful during building the custom options.",true
Cover-Alls Decals,5 out of 5 stars,"May 27, 2024","I've been more than impressed by Easify! The different widgets and options for customizing the checkout experience are wonderful and very thoughtfully made. Most importantly, the customer service, particularly VIolette, but others too... has always been fast and great!",true
BLUEBUCK,5 out of 5 stars,"May 27, 2024","Useful app with diverse options, well completed documentation for every issue you could find a solution, the support team is also very helpful !",true
Drop&Co Air Suspension,5 out of 5 stars,"May 22, 2024",great app helped organize my check out process Violette was so helpful.,true
Sunstone Permanent Jewelry,5 out of 5 stars,"May 22, 2024","Violette and Net with Easify are outstanding. Easify has the best customer service I have ever had the experience of working with. I was pushed for time with a product launch that I had to meet a deadline for and the Easify app was part of our strategy for the launch and they helped me get everything figured out extremely fast.

You can count on Easify! :)",true
Muck and Melt,5 out of 5 stars,"May 22, 2024",Lin has been helping me and is extremely helpful! I am asking a lot of questions and she is finding solutions for them all so thank you Lin!,true
BELSO,5 out of 5 stars,"May 22, 2024","Es una aplicación muy fácil de usar, con muchas opciones y variantes que le puedes añadir a tus productos, y si en algún momento tienes dudas, puedes contactar con el chat en vivo que tienen.
En mi caso, contacté con Hoa quien me ayudó resolviéndome él mismo las dudas. ¡Es genial usar esta aplicación!",true
Arbras Gallery,5 out of 5 stars,"May 21, 2024","We are a small family run business, trying to do everything on Shopify in-house where possible. Our business sells silverware gifts, and one service we offer is personalised engraving on our products - which is definitely not easy to implement onto Shopify when it comes to options. I was looking around for ages, considering hiring a web designer even - and then I came across Easify Product ...",true
The Kidszia,5 out of 5 stars,"May 20, 2024",Got a great and speedy support from Violette. Amazing app and customer support.,true
TAG Grading,5 out of 5 stars,"May 19, 2024","I really like this app, it works great for customization. And the live chat has been very responsive and devs helpful in getting certain things fixed or changed. Violette was also really nice and quick to get the job done. Thank you!",true
Bij Mij Assieraden,5 out of 5 stars,"May 18, 2024","This add-on was a lifesaver when building our shopify website. It enabled us to add a load of optional choices and add-on products for all our items.
When we did run into questions the support team was absolutely excellent in helping out and following up quickly on it. It is obvious that there are people working on this product who care a great deal for their customers.

Special mentions for Lin, ...",true
Nevidjeno Shop,5 out of 5 stars,"May 18, 2024","Easify is a must-have app. User-friendly interface, and comprehensive features make managing offers a breeze. Plus, the exceptional support ensures you're never left in the dark. Highly recommended!",true
Bash Party Store,5 out of 5 stars,"May 16, 2024",Awesome app so far & works according to our requirement. Support from the dev team is really awesome & prompt as well. Special thank you to Violette & Lin for the great support & looking forward to using more features of the app.,true
Roots To Table,5 out of 5 stars,"May 15, 2024","I have only had this app for 2 days. I am very pleased with how it functions on my website AND the expert customer support agents. I have dealt with at least 2 agents as I learn the app better and they have been so knowledgable and friendly and helpful!

I look forward to keeping this app on my product pages for a long time",true
Learn In Style,5 out of 5 stars,"Edited April 14, 2025",Great App. Plenty of customisation options with lots of flexibility. I've been a pro user for a little while now and it's saved me so much time and effort. I recently contacted support for some help customising the packing slip with Easify options and Violette got back to me with some helpful guides and I had the templates customised and tested within 15 minutes. I've also had some help from Lin ...,true
House of Prim,5 out of 5 stars,"May 13, 2024","The BEST development team!!!

I tried a few option set apps and Easify is by far my favorite. It's so easy to use and Violette, Lin, and the development team are always available to work through my problems and assist me throughout the entire process. Highly recommend!",true
Two Cute Boutique MN,5 out of 5 stars,"May 12, 2024",The app so far has been a challenge- only to find out that my stores theme was to blame not the app! Violette at customer service was amazing as she navigated my struggles and stress of what I felt was an easy issue turned to extreme re-coding on the apps site just to help me! I highly suggest this app and I truly look forward to digging in deeper and seeing all the amazing features this app can ...,true
Joanna Thomas Art,5 out of 5 stars,"May 10, 2024","Easy to use. Have been using it for awhile, but realised that I had a problem with my product options and didn’t know what was wrong. I contacted support and Violette answered really quickly. She had a look and gave me directions on what I needed to do to fix the problem. I even got a copy of our conversation, so that I could follow the instructions. Love the app and the service. Problem all ...",true
Bias Editions,5 out of 5 stars,"May 7, 2024","An app that has replaced at least three others I had at work on my site. Not only is the app powerful, the support is great. Lin was super helpful, patient and kind and helped me resolve my issues and to customise the product further to improve how it showed up on my site. Thanks Lin!",true
COLORSNEAK,5 out of 5 stars,"May 6, 2024","super application, facile d'utilisation et le service client est au top ! merci a Hoa pour son aide et sa réactivité",true
KOI KOI,5 out of 5 stars,"May 6, 2024",Easify Team are superb helpful and their service is great too. You can get a response from them very quickly.,true
Little Links Handmade,5 out of 5 stars,"May 3, 2024",A great solution that has met our needs. The customer service is outstanding!,true
Cozy Confidence,5 out of 5 stars,"May 3, 2024","I absolutely adore this app! Setting it up was a breeze, and the customer support is top-notch. When I encountered an issue, Violette, one of the employees, promptly responded and guided me through the solution. I highly recommend this to anyone, especially beginners who might find the setup process daunting. Trust me, it's incredibly user-friendly!",true
Aenjewels,5 out of 5 stars,"May 2, 2024",I was looking for an app to provide me with a feature to have a custom text box on my products – this app is so easy to use and exceeds my expectations!,true
29AND11,5 out of 5 stars,"May 1, 2024","Totally necessary if you are managing your own website. While it took a little while to get a hang of the option sets, it's so customizable its worth every penny!!",true
fairjeans,5 out of 5 stars,"May 1, 2024","Very great app. I've been looking for a solution for a long time where you can easily cross-link products.
The support from the development team is quick and you get a solution.",true
lyndecreekacrylic,5 out of 5 stars,"April 29, 2024","I was searching high and low for a variant app that would meet my specific needs and this is it! It has allowed me to create new options for my products to allow more customization and has boosted my website's user experience. Violette and her development team behind the app were exceptional - responsive, helpful, and always went above and beyond to ensure that I had a seamless experience and ...",true
Acrylic United States,5 out of 5 stars,"April 29, 2024","I trade VOPO to Easify, I got more options to parameter my products AND I saved money!!
The support is also very helpful. Thank you to Violette!",true
LIRI HYSENI,5 out of 5 stars,"April 29, 2024","This App has got a great customer support. I needed help with a few things and they were very patient and ready to help anytime, even on weekends. Highly recommended.",true
Emblem Atelier,5 out of 5 stars,"April 27, 2024","Thoroughly impressed with this app.

What stands out the most is the exceptional customer support team. They went above and beyond to accommodate my highly customized framework, providing tailored solutions that perfectly fit my needs. The responsiveness of their support team is simply unmatched; they were quick to answer my queries and proactive in ensuring that the integration was seamless and ...",true
Logic Cornhole,5 out of 5 stars,"April 26, 2024",Big help with variants and custom options for our store. Support is very helpful also.,true
The Cherry Hut,5 out of 5 stars,"April 25, 2024",The most complex piece to our website was how we handled our pick 3-6-12 offering and Easify Product Options and the Easify team really met that head on! Our experience working with the customer service team and the devs was exceptional. We highly recommend Easify and their team! They over-performed and took our complex problem and turned it into a Easy Solution! Very thankful for the partner ...,true
Window Hardware Direct,5 out of 5 stars,"April 25, 2024","The Easify support team is very patient, understanding and easy to work with! I appreciate Violette and the development team especially for helping me with an option set issue. Would highly recommend!",true
FocusRat,5 out of 5 stars,"April 25, 2024","Amazing and helpful support! Communicative and to the point, also is willing to wait patiently",true
Quiz Trail,5 out of 5 stars,"April 22, 2024",We've been using Easify Product Options for a short time but our customers are really taking to being able to create their own bundle. It was SO easy to set up on our products. I then had an issue that Easify Product Options stopped another of our apps working. Hoa replied so fast and fixed it straight away. Thank you!,true
Adora Silk,5 out of 5 stars,"April 19, 2024","A game changer app that I couldn't recommend enough.

We needed an app that could provide multiple bundle options, mix and match, and inventory control all at the same time. Tried heaps of other apps until we found Easify. I must say their app features are so powerful and work perfectly for our needs.

The support from the dev team is impressive and second to none. They provided a solution to every ...",true
Mount-It!,5 out of 5 stars,"April 17, 2024",Great app and even better customer support. Support was always available and even when their developers had to get involved so solve an issue they've fixed our issue within a day. Super helpful and reliable. Recommend this app over other bundle building apps for sure.,true
All Jigsaw Puzzles,5 out of 5 stars,"Edited April 19, 2024","Installed this app today as I was looking for a seamless and better process for providing gift wrapping and offering a hand-written gift card with products and I spent several hours setting all of this up.

It looked great and I was really impressed with the app however I discovered an issue with the app. By linking a product with required options as a custom product option in this app (such as a ...",true
MUNCH MART,5 out of 5 stars,"April 17, 2024",Violette was great help!,true
Neon Studio,5 out of 5 stars,"April 16, 2024",Very helpful and cooperative team of support! I highly recommend this app to every shopify store!,true
Poésie by Julie,5 out of 5 stars,"April 13, 2024","I've just installed the app for optional extra's on my product pages, and I have to say it's a very easy and user friendly application to use. I had some questions and the live chat team were so helpful in guiding me to getting the results I wanted!",true
FjorDecor,5 out of 5 stars,"April 12, 2024","Extremely solid, quick and competent customer service and very unique options for variant customization at a fair price.

No other app can do formula-backed price calculations except this one.

I'll be switching my stores over to this, because this one app allows me to remove three (!) others on account of feature depth.",true
Decozy,5 out of 5 stars,"April 12, 2024","I'm using this app since march 2024, but I must say this is exactly what my store needed.
Clear and simple set up; support is awesome, I wrote to them asking for a fix and the operator Hoa was really kind to us answering immediately and solving the issue in very few time.

I strongly recommend this app to everyone!",true
The Chef Shop Belfast,5 out of 5 stars,"April 11, 2024","I have just been using the app for a couple of weeks and have been asking questions with the support team.
Can I say the level of customer service is the best I have worked with. Nothing is too much trouble and the details in the emails I have received have been so very helpful.
Special mention must go to Net and Laura who have gone above and beyond in helping me get setup.
Very happy to ...",true
ICONAZERO,5 out of 5 stars,"April 10, 2024",The team is super available to solve any problem. The app works perfectly and integrates with every theme. Highly recommend.,true
The Silk Pillowcase,5 out of 5 stars,"April 9, 2024",Hoa was very helpful with guiding me through the process!,true
Home Safes USA,5 out of 5 stars,"April 6, 2024","Switched to Easify from Bold Product Options and we could NOT be more impressed. We used the Premium version of Bold Product Options and it worked great for over a year. After being acquired by SC, the app became unusable and extremely slow.
Easify has a much better UI, and is 1/3 the cost with even more options. Instantly syncs with our store and new options are loaded in no time. Very impressed ...",true
FromPicToArt,2 out of 5 stars,"April 5, 2024","Very slow customer service. I am waiting two days now for support. Not acceptable. Options are a crucial part of a shop, and customer service must be faster in case of issues. If you offer your app worldwide, then you have to offer worldwide customer service as well.",true
Simplement Vrai,2 out of 5 stars,"Edited March 8, 2025","not so good. i always have bug with my theme and easify. 1 year later I have try to re-install it because the live preview seems what I need, but the bug are consistent. They wont refund me. and they said the bug have been corrected but on my side is not. each day I have to explain the bug again and again and again. Finally I have asked for a refund, before my first 30 days...7 days later... no ...",true
DivaSilver,5 out of 5 stars,"Edited April 8, 2024","I had a big issue with them making me to uninstall the app, but they went above and beyond to fix the issue so they deserve a new chance.

I highly recommend this app and their customer support.",true
Whitehawkes,5 out of 5 stars,"April 3, 2024",Dat and Laura offered excellent and fast support to help integrate this app in to our Shopify store. Thanks again! Great service!,true
Bunny & Co,5 out of 5 stars,"April 3, 2024",I have now used 3 different apps for my store which is majority personalised gifts. I have just switched over to Easify and I love it. It is so user friendly - all of the glitches that drove me mad with the other apps have all been thought of by these developers. The templates are brilliant as a starting point too. I really cant fault it. I did need some assistance with one feature and Laura was ...,true
Margarita Alvarez,5 out of 5 stars,"April 2, 2024",Hoa from support really got me out of a pinch quick! Excellent customer service and prompt response. Thanks again!,true
chirocept,5 out of 5 stars,"April 2, 2024","Great App! Really enhances the visual appeal of my products to display the many options customers can choose from. And, their customer service is ridiculously fast and helpful. I've never had service like this...and I use several online/tech services.",true
Contraveta Maderas,5 out of 5 stars,"April 2, 2024","Thanks Hoa for all the help!

Having good documentation is great, but when you are in a hurry and have this amazing support that fixes what you needed for you it is amazing.",true
j Briélle,5 out of 5 stars,"March 31, 2024",I love that they give multiple extra options and the customer service was able to assist with my issues!,true
1ArtCollection,5 out of 5 stars,"March 30, 2024","Highly recommended. I would give more stars if possible. Support from Hoa and Lich has been extraordinary. We sell wall art. Our POD products have 5 materials options (Art Prints, Canvas, Metal, Acrylic, Framed) + 8-10 paper types and often 12 print sizes for every product. Variant count is astronomical. I tried multiple customizer apps. Easify was the only Shopify customizer app that had the ...",true
louloukid,5 out of 5 stars,"March 29, 2024","Top help support, very responsive. I recommend this application",true
SNR Farmville,5 out of 5 stars,"March 27, 2024","Great product, easily add feature sets to shopify. Support is outstanding even with the Free version.",true
NVR NUDE,5 out of 5 stars,"March 27, 2024","When I first added the Easify app to my website, it looked like a bit of a mess, but the Easify team worked diligently to sort everything out and now it works well and looks great!",true
Pyjama Planet,5 out of 5 stars,"March 18, 2024","Easify is a very easy to set up and understand app and the functionalilty of it is great.

The support team are more than helpful, Net understood my request and helped me set up specialist option sets and price scaling which was a quiet unique request.

Couldn't reccomend them enough.",true
SB-Designs4you,5 out of 5 stars,"March 17, 2024","I just can give 5 stars, would be glad if I could give more stars!
They improved the app to fit my requiremoent and developed a whole new feature for me.
I have searched months for this feature and couldn´t find any app for my problem.
They had supported me perfect and improved the app till it fits perfect!
The whole process I received feedback about the status and how to setup the app. So in ...",true
GREENSTEMS STUDIO,5 out of 5 stars,"March 12, 2024","The customer service from Easify is incredibly helpful. I just downloaded the app for my store. The few issues I had for initially integrating it into my site were immediately solves by the Lich in customer service. They helped properly activating the app and were quick to customize things so it perfectly matched my brand colours, look, and font. This is the app you should invest in for expanding ...",true
Briiz,5 out of 5 stars,"March 7, 2024",Awesome customer service! kudos. Very satisfied with this app.,true
Hippie Groundhog,5 out of 5 stars,"March 6, 2024",I just started using Easify but so far it is easy to navigate and I am not super techy so that is wonderful. I had an issue that required contacting customer support and Lich was such a great help. My problem was sorted easily. Thank you thank you.,true
Espace Extérieur,5 out of 5 stars,"March 6, 2024","I have outstanding service from the support, I have obtained a response every time within 24 hours, even a few times within an hour, even on weekends :-)......... Hoa fixed it for me, under my suggestion, corrected the application for my needs",true
Initial Tiles,5 out of 5 stars,"March 4, 2024","This app is easy to use. The interface is very friendly and this app supports conditional logic based on Shopify variants - a feature I think not many apps do. I also would like to say big thanks to the support team, especially Hoang, who responds to my requests promptly with superb support. Great job!",true
Minna no Mobile,5 out of 5 stars,"February 29, 2024","This app is perfect for adding a bunch of options for your products without knowing any coding etc. Also, thanks to Mr. Hoa, I learned that you can actually translate the app content to whatever language you like manually! Thank you for the awesome, fast and reliable support.",true
KRZPrints,5 out of 5 stars,"February 29, 2024",Super fast and friendly support for any problems. The app itself is also very easy to use. I can really only recommend it.,true
Palmo Store B.V.,5 out of 5 stars,"February 29, 2024","Amazing customer support. Had quite some issues integrating it into our site correctly, but Net went above and beyond and fixed almost all the issues & requests I had. Tried many variant apps, but this is the only one I can recommend.",true
Aurora Bagels,5 out of 5 stars,"February 26, 2024","I'm just using the Free Version, but I had an issue with info on packing slips... I reached out to support, and Lich solved the problem in under 5 minutes! Can't beat that kind of tech support.

Love to try the paid version but it's too expensive for me right now.",true
Giftware Engraved,5 out of 5 stars,"February 21, 2024","Super App, with Superb Support.",true
ADC Crafts,5 out of 5 stars,"February 19, 2024","I had an issue with showing custom options to show on packing slips. Lich from the customer support managed to fix this for me in less than 2 min.
Thank you so much :)",true
VIZZ Bijoux,5 out of 5 stars,"February 19, 2024","This extension is exceptionally great, not only for its enhanced functionalities but also for its outstanding customer service. The team's kindness and responsiveness add immense value, ensuring a smooth experience and swift resolution of any queries or issues. It's truly a winning combination of top-notch features and exceptional support !

Thank's again !",true
Ronniefloweer LLC,2 out of 5 stars,"February 16, 2024","Ive lost a lot of money with this app. For the majority of the orders, it doesn't charge my customers for the additional add ons.",true
arabelladesignswebsite,5 out of 5 stars,"February 16, 2024",Incredible app that matches theme styling! The team are amazing at support and its one of the best on Shopify!!! 100% would reccommend,true
備前屋本店,5 out of 5 stars,"February 16, 2024","I'm satisfied with the app's features, but when I asked about the font settings in the chat, Hoa immediately provided support and resolved it. I'm still in the process of configuring, but I feel very reassured to proceed with the settings.",true
amaze.llc,5 out of 5 stars,"February 12, 2024","Great app, with Great support.",true
La Poule Qui Coud,5 out of 5 stars,"February 8, 2024","Super application, la plus complète à mon sens pour le moment . ( et pourtant nous en avons testé de nombreuses ). Le service client est super. (Hoa a été au top)",true
Sports on Lyne,5 out of 5 stars,"February 8, 2024","Amazing App and Customer Service!
The app it self was everything I was looking for, and the customer service is incredible.
Had some customization requests, got the answer and customization in less than 30 min at no extra-cost.
Totally and unquestionably worth the paid plan!
Recommend 100%!",true
Vloerkleden NL,5 out of 5 stars,"February 8, 2024",Goede optie om allerlei productvarianten aan te maken. Doet precies wat ik nodig heb. Goede support ook.,true
X-Case,5 out of 5 stars,"February 7, 2024","Save yourself time, money and stress - I was just about to spend a lot of money on a custom coded app as nothing on the shopify store did what we wanted. I had all but given up and then by chance and frankly put off by the app's logo I downloaded it.

If you need to link directly to stock, need a Qty per option or just want the app to look great then this is for you. Also they seem very proactive ...",true
Beatrice Edney Art,5 out of 5 stars,"February 4, 2024",Excellent support from M. Lich! Thank you for the demo and the setup provided.,true
My Own Tea,5 out of 5 stars,"February 4, 2024","I wanted to express my deep gratitude towards the Easify support team, and especially to Net, for their outstanding customer service. I recently integrated Easify into my Shopify site to add custom variant options for a wide range of products, a significant challenge that required a solution both flexible and powerful. Easify met all my expectations, but where the team truly shone was in their ...",true
Gem & Hue,5 out of 5 stars,"February 3, 2024","Easify has transformed my Shopify customization experience with its user-friendly interface. The standout feature is the exceptional customer support, especially from Hoa and Lin. They swiftly resolved an issue, showcasing expertise and efficiency. Overall, Easify is a must-have for seamless customization, backed by stellar support. Highly recommended!",true
Leather Missal Covers,5 out of 5 stars,"Edited February 26, 2025","Fantastic product which allowed me to present my products exactly how I wanted. The support for this app is second to none. When I made a mistake when setting things up, Hoa was very patient and clear and helped me resolve the issues. I was supper impressed by the support given. Would most definitely recommend it to anyone.

Update: I have used this app for over a year now and I could not be ...",true
Textilvorhang.ch,5 out of 5 stars,"January 31, 2024",Excellent support!,true
The Golfather Ltd.,5 out of 5 stars,"January 29, 2024","While the app itself is a beautiful blend of form, functionality & design and it goes a step further by making it so easy to use and deploy, it is a pale second to the level of service and attention to detail by the support team. It is rare to come across a team that is eager to find solutions rather than take the easy way out and say it can’t be done. While I’m sure there are others on the team, ...",true
The Australian Brisket Board™️,5 out of 5 stars,"January 26, 2024","Hoa was super helpful, couldnt recommend this app enough its perfect for what i need",true
10 Second Racing,5 out of 5 stars,"January 26, 2024",We've used Easify for several months now and are impressed. Our main concern was the drag on load time for product pages. We have experienced the same issue with other developers. Easify's code loads seamlessly into our theme and their team even customized the design of our product options at no extra charge. We are in the process of exploring custom development with Tigren. Looking forward to ...,true
Princess Jewelry,5 out of 5 stars,"January 26, 2024",Hoa is the best assistant,true
NORTH RIVER OUTDOORS,5 out of 5 stars,"January 23, 2024","Lich and Support Team were awesome. The app is easy to configure and use. When in doubt, the Support Team & Lich were great to help support us. Would highly recommend this provide and Easify App! A++",true
geilstekerze.de,5 out of 5 stars,"January 22, 2024","Great support, awesome product, love it!",true
Orms Print Room,5 out of 5 stars,"January 17, 2024","I absolutely LOVE love L-O-V-E this app!
The features as well as support are beyond amazing!
I would highly recommend this app for anyone who wants a Shopify Variant app for their store!",true
Textilfarm,5 out of 5 stars,"January 15, 2024","Great app, I was able to solve a problem that had been lingering for 10 years with it. It completely meets all my needs. Fast customer service, they respond almost immediately and help. I could turn to them with any small issue without hesitation. Special thanks to Hoa.
I am extremely satisfied. +++++",true
C.Japan,5 out of 5 stars,"January 12, 2024","This is the BEST variants app out of few I've tried. UI is very simple, user friendly and easy to use and I really love this app! It makes me happy making variants with this app. Support team, Hoa and Net is amazing. One of the app in my store conflicted with Easify and support team fixed it instantly even though I'm using a free version. I definitely RECOMMEND this app if you are looking for ...",true
Silverwood Friends,5 out of 5 stars,"January 11, 2024",Great app! Was looking for a free app to be able to add a couple of personalisation boxes to some product pages and this was quick and easy to use. I had some questions and Hoa came on chat and helped me straight away. Was able to add 2 persoanlisation boxes for name and size to my custom product pages within about 15 mins from getting app. highly recommend!,true
Cover König,5 out of 5 stars,"January 11, 2024","Sehr guter Support , app deckt alles was ich benötige.. bin sehr zufrieden",true
Dr. Silkman's,5 out of 5 stars,"January 10, 2024","Very intuitive interface offered us all the adjustments to our shop we needed!

When we had a question about how to update product dropdown options onto packing slips, Lich helped me sort it out super quickly on the live chat!

Amazing :)",true
Pacific Coast Candy,5 out of 5 stars,"January 9, 2024","Great stuff! Solved the problems I was having trying to create a custom pick and mix candy bag. Support was great, and it just works. Totally worth the price.",true
Printblinds,5 out of 5 stars,"January 8, 2024",Great Product and the Help team are fast and Effiecient!,true
StarKiddo,5 out of 5 stars,"January 8, 2024","We can keep using the app when the support is handy, instant and helpful. After checking various alternatives, switched back to this app just because of the caring and helpful support provided by Hoa, has all the needed functions within free app itself! Highly recommended!",true
Magic Posters,5 out of 5 stars,"January 5, 2024",Fantastic app and brilliant customer service thank you Hoa for sorting the issue I had. Can't recommend this app enough.,true
Cartographer3D- Home of the Cartographer Probe,5 out of 5 stars,"January 5, 2024","Great product!

I needed a bit of support when it came to linking up a few bits and bobs, and their support via Hoa was excellent, quick and responsive!

Really happy with the product overall!

Thank you!",true
Snack'd,5 out of 5 stars,"January 4, 2024","This app is brilliant and easy to use. Clean layout, I had a few minor issues based on my knowledge of the app, not the app itself and Hoa helped me resolve the issues immediately.

Very satisfied. Thank you",true
Iron Knight Gaming,5 out of 5 stars,"January 1, 2024","Great app for adding custom tweaks to products, easy to use and with excellent customer service!",true
Petit Golem,5 out of 5 stars,"January 1, 2024",Very useful for personalizing item variations and for having a common stock of all variations of the same item. The support is very lively and Hoang Lich is very efficient and friendly. Thank you very much and happy new year,true
Lolly & Co.,5 out of 5 stars,"Edited April 26, 2024","4 months of using this app:

I am so glad I found this app! It's very easy to use. I own a 'Pick n Mix' lolly store and this app is perfect for my needs. Hoa and Violette have been assisting me with support and they're very friendly and prompt.

Lovely customer service here. 10/10 recommend using this app.
They have a free version, but I am using the pro plan for even more features, that other ...",true
Tony Illustrations,5 out of 5 stars,"December 22, 2023","I LOVE IT!!!!!!
This is the kind of App I was looking for my variants. I tried to set different product options with different sizes based on whichever product was selected with other apps but it never worked. I found out about Easify Product Options and it has changed my life. Giving customers different options to select products that they want is very fulfilling. IF ANYONE WANTS A VARIANT APP ...",true
Moshibear,5 out of 5 stars,"December 20, 2023","Great app ! fit our requirement for our complex products that need multiples options and parameters,
even better: the customer support is great as we needed specific modification of the app for our needs (Big thank you to Hoa from the customer support team)",true
Stork Baby Gifts,5 out of 5 stars,"November 29, 2023",Good apps and easy to use! Hoa is very supportive and fast response!,true
ShopJorgeeLeon,5 out of 5 stars,"Edited June 6, 2024","Violette customer service was GREAT!!
My experience with great and good listening skills. He delivered exactly what I ask",true
Your Story In Jewelry,5 out of 5 stars,"November 20, 2023",This app beats out other similar more well known options by a long shot. Hoa also took the time to help me customize the build specific to my needs. Looking forward to seeing what other apps this team comes out with in the future!,true
Marylou Paniers,5 out of 5 stars,"November 20, 2023","I really thank this team, very efficient and quick, they responded to my needs in less than 15 minutes, it's just incredible, thank you again for everything.",true
Nakona On Third,5 out of 5 stars,"November 3, 2023","I was looking for an app to add to my store allowing for some additional customization for my product pages. I came across Easify Product Options and am so glad I did! It is very simple to use and has many customization options which allowed me to get all of the details I needed for my store.

Additionally, in any situation relating to an app, customer service is super important. Easify customer ...",true
ReceptPoster.se,5 out of 5 stars,"November 1, 2023","Love it! Looks super and integrates well with my Dawn theme. Lin at customer support was a real queen, thank you!",true
Almanegra Café,5 out of 5 stars,"October 29, 2023","I recently came across a Shopify app called Easify and my experience, especially with the support staff member Hoa, has been nothing short of exceptional. I installed the free version of Easify onto my Shopify store running on the Canopy 5.1.1 theme and encountered an error during the setup due to a specific configuration of my theme. Wanting to give the app a fair assessment, I reached out to ...",true
thetowelturban,5 out of 5 stars,"October 27, 2023","The App really is true to their name, Easify product options. For our store, we needed an app limiting customers to choose between X and Y options for a feature.
Easify Product Options was the only app that allowed this quantity limit feature in checkboxes in a very simple way.
Moreover, their support is outstanding. We had a theme conflict that caused issues with quantity limit being implemented ...",true
GAMEFORCE.IE,5 out of 5 stars,"October 26, 2023",First class extension with support answering questions within minutes. It took me less than 10 minutes to setup the extension and to start building option. I have worked with many option set Apps over the years and this app had every feature you could imagine and they come as standard. We spent many thousands of Euros over the years having option apps designed for us however this app is superior ...,true
Little Gifties,5 out of 5 stars,"Edited July 19, 2025","I would HIGHLY recommend this app. We are a Gifting company which means a lot of customisation and this app made the setup so easy and allowed us to tailor our products to meet the different needs of our customers.

Above my expectations were the support staff that were always super friendly and available to answer my many questions and to go above and beyond to help me with our customised setup. ...",true
CreativeInSC,5 out of 5 stars,"October 24, 2023","Hoa was a huge help, especially when I don't have a clue what I am doing. Super new to opening an online store and totally clueless on what I am doing. Hoa got the page working. I hope everything else will work smoothly now.. :-) creativeinsc.com
THANK YOU!",true
Mondrian Collection,5 out of 5 stars,"October 23, 2023",I found a great app! and Hoa helps me many things quickly and give the solutions that I wish to get. I am very happy with the customer support not more than a day. Thank you so much.,true
Stickerzzz,5 out of 5 stars,"October 20, 2023","Sehr netter Kontakt und direkt hilfsbereit wenn es um kleine Anpassungen geht, man wird hier nicht alleine gelassen. Einfache App die genau das macht, was ich brauche, sehr zu empfehlen.",true
iSPACE STEM,5 out of 5 stars,"October 6, 2023","I needed a few customizations, and Hoa was wonderful and completed them quickly and easily. I am very pleased with the ease of use and customer support with this app.",true
NAAL,5 out of 5 stars,"September 25, 2023","I havent used app very long time, but so far it works really well. Customer service is wonderful. Quick answer and fast solutions for all challenges.",true
CELEST,5 out of 5 stars,"September 25, 2023","GREAT APP! The App does what it should and if you have any questions and also feature requests they have an OUTSTANDING SUPPORT. I got immediate help and all up and running in no time. Thank You (Especially to: Hoa, Net, Minh)",true
Minihazine,5 out of 5 stars,"September 22, 2023",Excellent customer support. Thank you very much.,true
Lotte and Aud,5 out of 5 stars,"September 21, 2023","so far so good... not the most tech savvy person, but a great app to use and the SUPPORT is incredible. Hoa sorted out an issue ASAP for me. Really happy with the app so far!",true
Upcyclie,5 out of 5 stars,"September 15, 2023","I am a small business from India, we make products out of fabric waste.
I have never seen this kind of support and understanding from any other product maker till now. The support was amazing, they go out of the way to help. I uninstalled the app the first time, thinking it was bad. But, they made me come back and I will be using them for all my custom orders. Thank you Net, for this help.",true
Stórica Studio,5 out of 5 stars,"September 12, 2023","I tried out several apps, but this one was the most user friendly and looked the best out of the box. The setup is pretty straightforward to configure. I ran into some challenges with getting it live on my site, but Hoa responded to my support request quickly and we were up and running within just a couple of days.",true
Hawes PTSA,5 out of 5 stars,"August 10, 2023","Best chat support from HOA ever! My problem was solved in less than 60 seconds, and I'm not a techie at all. I'm a non-profit volunteer trying to build a site on a shoe string. I was so grateful to find this app, and I was blown away by the quick, helpful customer service!!!",true
DEFCON 1 GEAR,5 out of 5 stars,"August 8, 2023","After a bit of learning, I was able to do quite a lot of cool things with different products and changes that auto-populate throughout the store. When I did have a question, I reached out to customer support late one night and they responded immediately and had solved my issue in less than an hour. Definitely appreciate them!",true
Genshin Accounts,5 out of 5 stars,"July 31, 2023","I had some questions and minor adjustments I had to make with the app, but customer service staff, Hoa did an amazing job in cooperating and helping me with these edits! Amazing!",true
ILA SODHANI,5 out of 5 stars,"July 27, 2023","I've installed this and had it less than 30 seconds and already it's saved me a TON of work. Hoang popped up in the built in live chat to check in when I was circling the same page repeatedly, so it's good to know there's someone to help if you need it.
Shout out to Zoe in the Communities for providing information about this app when I was ready to commit to following someone's coding ...",true
Ajiri Jewelry,5 out of 5 stars,"June 30, 2023","Very useful app, and incredibly attentive customer service when I needed it. Hoa identified where I was stuck and was patient enough to walk me through how to navigate the app. Glad I have support AND customization.",true
Gold Mercado,5 out of 5 stars,"June 27, 2023","Hoa provided exceptional assistance in building my product page exactly as I wanted. His expertise and attention to detail were evident throughout the process. He listened to my ideas, explained each step, and delivered a seamless and visually appealing page. I highly recommend their services. Thank you, Hoa, for bringing my vision to life!",true
Chaotic Gear,5 out of 5 stars,"September 16, 2025",Great customer service,false
Ossu Diamonds,5 out of 5 stars,"September 16, 2025",,false
Foundoria,5 out of 5 stars,"September 16, 2025","The app is easy to use, although I have encountered an issue where the option I set isn't appearing as expected. So, whilst I can't fully comment on the usability of the app functions just yet, Tracy from the Easify support team has been excellent so far - friendly, quick in responding, and identifying the likely cause (conflict requiring a code change). The issue has been referred to the dev  ...",false
Bloom & Core Florist,5 out of 5 stars,"September 16, 2025",Amazing customer service. All queries were promptly addressed. Could not have asked for a better support team. Highly recommend Easify !,false
BootInk,5 out of 5 stars,"September 15, 2025",,false
Closed Door Romance Bookstore,5 out of 5 stars,"September 15, 2025",Absolutely love this app and the customer service is top notch. Mari was there when I was having a major freakout with a customization text box not working with orders coming in. She got it fixed ASAP and was so kind while doing so!,false
Canvas Print Art,5 out of 5 stars,"September 15, 2025",very good,false
Calm. Bakery,5 out of 5 stars,"Edited September 15, 2025",Very helpful and i can trust they will find a solution for me. I really appreciate it.,false
TraceGift,5 out of 5 stars,"September 15, 2025","The custom plugins are very useful, and customer support resolves issues quickly.",false
GAIA GEMS,5 out of 5 stars,"September 14, 2025","I had a great experience with Easify Custom Product Options! Their team was super helpful in guiding me through the setup and making sure everything worked exactly the way I needed. Anytime I had questions, their customer service was quick to respond, friendly, and went above and beyond to help. It’s rare to find such reliable support, and I really appreciate how easy they made the whole process. ...",false
Taylors Garden Buildings,5 out of 5 stars,"September 13, 2025","New to the App, so far so good, ticks all the boxes. Clove was very quick and helpful in answering my questions prior to installation. We sell Garden Products and some of our products have many bespoke options so I am hoping this App is easy to use and the support is available if required.",false
Proverbs31.SkinCo.,5 out of 5 stars,"September 12, 2025",,false
Haven Herb Garden Bar,5 out of 5 stars,"September 11, 2025",amazing app and wonderful customer service,false
Mijn winkel,5 out of 5 stars,"September 11, 2025","friendly, fast!",false
House Of Thavy,5 out of 5 stars,"September 10, 2025",Anne got back to me around 10pm est. I like that I had some form of support even when it's late at night. She also went ahead and looked into my account to give accurate reporting to what's wrong with the easily positioning on my shopify website mobile view. Very clear communication as well.,false
The Treat Boutique,5 out of 5 stars,"September 10, 2025",Wonderful customer service Hannie was incredibly helpful in answering my questions. Overall easy to use and wonderful customization for our website.,false
Mağazam,5 out of 5 stars,"September 10, 2025",fast response gentle woman thx.,false
Spy Media,5 out of 5 stars,"September 10, 2025","Compared to other apps, this is amazing for custom products. It's VERY flexible. For any button and slider you imagine for your product page, there has to be an option within the app.

I had a problem with their latest personalization feature and they helped me really quickly to get back up and running.

Thank you, Anne and the Easify team!",false
Tischfolio.de,5 out of 5 stars,"September 9, 2025",Nice,false
Kultured Kreations & Company,5 out of 5 stars,"September 8, 2025",Love the extension so far. Anne helped me troubleshoot my concern with visuals and videos,false
Tejo,5 out of 5 stars,"September 8, 2025","Hannie is the 6th star in this review, responded quickly and fixed my problem!",false
angelpetstore,5 out of 5 stars,"September 8, 2025",Hannie's service was fantastic and her responses were prompt.,false
The Patch and Press Co.,5 out of 5 stars,"September 8, 2025",Liv is very helpful and my question was answered in first instance.,false
Glow Tail Co.,5 out of 5 stars,"September 7, 2025","I couldn't be more impressed and satisfied with this product. I am new to the POD space and had some initial challenges getting things set up for my store. Hannie was fantastic and helpful, with kindness and speed the support helped me get my store set up for success. Thank you Hannie!",false
Zeina,5 out of 5 stars,"September 6, 2025","This is the easiest and flexible app I have used.
They also helped me a lot.
The best App.",false
PERFECTION,5 out of 5 stars,"September 6, 2025","Easify Product Options app is a really great tool for your shopify store. You can create a lot of options. You should explore app in detail, because there are lots of very interesting options. The support operators are also great. They will help you completely and in detail. One of them is Clove. She explained to me the parts I didn't understand through a tutorial video. It's great! Thank you so  ...",false
Dirt Cheap Decals,2 out of 5 stars,"Edited September 5, 2025","Buggy, poorly refined, yet they still charge money for features that could've been free. 

EDIT- I have spent 2 hours today remaking option sets that refused to save. They shouldn't be charging money for something this buggy.",false
Salty Blonde,5 out of 5 stars,"September 5, 2025",,false
Nath's Baked Goods,4 out of 5 stars,"September 5, 2025",Anne helped me a lot and answered very quickly when I was having issues.,false
LTPrints.com,5 out of 5 stars,"September 5, 2025",Very helpful chat interface.,false
Tagfit Pups,5 out of 5 stars,"September 4, 2025","Great app and great 24/hr customer service, Clove was super helpful! This will definitely be my new go to for custom products!",false
Knudoo.de,5 out of 5 stars,"September 3, 2025",Sehr gute App und sehr guter Kundenservice. Im Chat konnte mir Tracy schnell und kompetent helfen.,false
My Store,5 out of 5 stars,"September 3, 2025","Best support, Anne communicated well",false
Recovery Threads,5 out of 5 stars,"September 2, 2025",Anne was very helpful and fast. Thank you!,false
Presentpaketet,5 out of 5 stars,"September 2, 2025",,false
Gold Coast Mahjong Club,5 out of 5 stars,"September 1, 2025",Great app and customer service. Mari responded to me quickly with an issue I had about tracking inventory for add-on options and she solved it.,false
Mustbi Steel,5 out of 5 stars,"September 1, 2025","The service I received from Clove honestly went far beyond my expectations. I’m extremely impressed by how dedicated the support has been especially a special mention to Clove, who literally worked with me on an issue, even an evolution of the system, as if it were her own project. I felt the entire time that she was determined to find a solution, that she absolutely wanted things done right and  ...",false
My Store,5 out of 5 stars,"September 1, 2025","Thank you for providing such an experience, user-friendly app, and great customer support. Shout out to Clove for answering all my questions<3",false
Skyenergi,5 out of 5 stars,"Edited August 31, 2025",Always great support from Easify.  Fast response from Hannie,false
Galore,5 out of 5 stars,"August 31, 2025",Downloaded the app recently and had an issue getting the donation option to work on my store. I emailed support and within 10min I was able to talk to Lich from support regarding the problem. They were very helpful and got it sorted quickly. Highly recommend. Adds extra features to a store and has a active support team.,false
Elitehandmades,5 out of 5 stars,"August 30, 2025","The software is powerful, and the customer service from Anne was excellent. I hope you keep up the great work.",false
SweetBear Creations,5 out of 5 stars,"August 29, 2025","Love how easy this app is to set up, their support team is also so helpful, and quick to respond!",false
Horse of the Year,5 out of 5 stars,"Edited August 29, 2025","Amazing customer service! The person on live chat was prompt, kind, and very helpful. The app itself is amazingly simple, fast, and easy to use.""",false
VFDesign Co,5 out of 5 stars,"August 29, 2025","Mari was fast, communicative and explained everything quickly for me to get everything setup.  Thank you!",false
My Store,5 out of 5 stars,"August 29, 2025",works well so simple love it and the service is amazing,false
MaisonTextile,5 out of 5 stars,"August 28, 2025",Many thanks to Clove for the quick and efficient support – great app!,false
RA Pape Edible Icing Images,5 out of 5 stars,"Edited August 27, 2025","excellent assistance, Clove listened, understood and had a lot of patience with me.  Showed me step by step videos and stayed while I figured it out.",false
Pismonoša,5 out of 5 stars,"August 27, 2025",Great support (liv),false
Little Pinkfly Designs,5 out of 5 stars,"August 27, 2025",I've had so much help from the employees here on Easify.. They are always fixing my fails.. Today Jen saved the day by doing what I couldnt I appreciate her so much.. Great Service with this app!!! 100%,false
NOLA Cove,5 out of 5 stars,"August 27, 2025","Je suis ravie de cette application, et le service client est au top",false
